ID,ESTADO,FECHA,NO. DE DIA,NO DE SEMANA,MES,AREA,MAQUINA,SOLICITANTE,HORA SOLICITA,PRIORIDAD,FALLA,TIPO,PARO MAQUINA,TECNICOS,TECNICOS ACTIVOS,ASIGNADO FECHA,ASIGNADO HORA,CONFIRMADO EN SITIO,FECHA ENTREGA,HORA DE ENTREGA,INICIO REPARACION FECHA,INICIO REPARACION HORA,TIEMPO ESPERA (MIN) solicitud→sitio,TIEMPO ESPERA (h) solicitud→sitio,TIEMPO REPARACION (MIN),TIEMPO REPARACION (h),PAUSA (MIN),DURACION TOTAL (h),BLOQUE Y CANDADEO,FECHA LIBERADO,HORA LIBERADO,LIBERADO POR,PROBLEMA,MANTENIMIENTO,REFACCIONES,TURNO PRODUCCION,OBSERVACIONES,HISTORIAL
1,Liberado,07/09/2026,Lunes,37,Septiembre,BOLSEO,Sd 4,Ange lozano,08:48,Alta,NO APLICA,CORRECTIVO,NO APLICA,JORGE VEGA,JORGE VEGA,18/09/2026,07:36,Sí,18/09/2026,07:40,18/09/2026,07:38,15770,262.83,2,0.03,0,262.86,SI,18/09/2026,07:58,EFREN BUENDIA HERNANDEZ,Problema con baleros de las bandas ,Prueba,SIN REFACCIONES x1,1°,,Solicitado @ 2026-09-07 08:48 → Asignado (JORGE VEGA) @ 2026-09-18 07:36 → Confirmado en sitio (JORGE VEGA) @ 2026-09-18 07:38 → Cerrado @ 2026-09-18 07:40 → Liberado por EFREN BUENDIA HERNANDEZ @ 2026-09-18 07:58
2,Liberado,07/09/2026,Lunes,37,Septiembre,IMPRESION,F4-1,GUSTAVO HERRERA GUEVARA,13:54,Alta,ELECTRICO,CORRECTIVO,SI,EDUARDO LOREDO,EDUARDO LOREDO,07/09/2026,15:00,Sí,15/09/2026,00:00,07/09/2026,17:17,203,3.38,979,16.32,9504,19.7,SI,15/09/2026,00:01,RODRIGO ALEJANDRO RODRIGUEZ TINAJERO,Alarma tintero 6 núm 1625,Limpieza cables de variadores ,SIN REFACCIONES x1,1°,,Solicitado @ 2026-09-07 13:54 → Asignado (EDUARDO LOREDO) @ 2026-09-07 15:00 → Confirmado en sitio (EDUARDO LOREDO) @ 2026-09-07 17:17 → Se retiró (servicio pausado) (EDUARDO LOREDO) @ 2026-09-08 09:36 → Reanudado (EDUARDO LOREDO) @ 2026-09-15 00:00 → Cerrado @ 2026-09-15 00:00 → Liberado por RODRIGO ALEJANDRO RODRIGUEZ TINAJERO @ 2026-09-15 00:01
3,Liberado,07/09/2026,Lunes,37,Septiembre,IMPRESION,F4-1,GUSTAVO HERRERA GUEVARA,14:35,Alta,ELECTRICO,CORRECTIVO,NO,EDUARDO LOREDO,,07/09/2026,15:00,Sí,08/09/2026,09:36,07/09/2026,17:16,161,2.68,980,16.33,,19.01,SI,14/09/2026,16:59,EFREN BUENDIA HERNANDEZ,"Alarma tintero ,  31115 ",revision de comunicacion ,,1°,,Solicitado @ 2026-09-07 14:35 → Asignado (EDUARDO LOREDO) @ 2026-09-07 15:00 → Confirmado en sitio (EDUARDO LOREDO) @ 2026-09-07 17:16 → Confirmado en sitio (EDUARDO LOREDO) @ 2026-09-07 17:16 → Se retiró (servicio pausado) (EDUARDO LOREDO) @ 2026-09-08 09:36 → Cerrado @ 2026-09-08 09:36 → Liberado por EFREN BUENDIA HERNANDEZ @ 2026-09-14 16:59
4,Liberado,07/09/2026,Lunes,37,Septiembre,IMPRESION,F4-2,GUSTAVO HERRERA GUEVARA,14:37,Alta,NO APLICA,CORRECTIVO,NO APLICA,JORGE VEGA,JORGE VEGA,18/09/2026,07:36,Sí,18/09/2026,07:45,18/09/2026,07:40,15423,257.05,5,0.08,0,257.13,NO APLICA,18/09/2026,07:58,EFREN BUENDIA HERNANDEZ,Fuga de aire en la base de la flecha tintero 6 ,Prueba,SIN REFACCIONES x1,1°,,Solicitado @ 2026-09-07 14:37 → Asignado (JORGE VEGA) @ 2026-09-18 07:36 → Confirmado en sitio (JORGE VEGA) @ 2026-09-18 07:40 → Cerrado @ 2026-09-18 07:45 → Liberado por EFREN BUENDIA HERNANDEZ @ 2026-09-18 07:58
5,Liberado,07/09/2026,Lunes,37,Septiembre,GENERAL,Entrada principal ,RODRIGO ALEJANDRO RODRIGUEZ TINAJERO,15:37,Alta,MECANICO,CORRECTIVO,SI,ROBERTO BADILLO / ALEJANDRO RODRIGUEZ TINAJERO,ROBERTO BADILLO / ALEJANDRO RODRIGUEZ TINAJERO,07/09/2026,15:38,Sí,07/09/2026,17:07,07/09/2026,15:38,1,0.02,89,1.48,,1.5,NO,14/09/2026,16:59,EFREN BUENDIA HERNANDEZ,No abre la puerta de acceso ,Se repara Puerta Acceso principal ,,2°,,Solicitado @ 2026-09-07 15:37 → Asignado (ROBERTO BADILLO/ALEJANDRO RODRIGUEZ TINAJERO) @ 2026-09-07 15:38 → Confirmado en sitio (ROBERTO BADILLO/ALEJANDRO RODRIGUEZ TINAJERO) @ 2026-09-07 15:38 → Confirmado en sitio (ROBERTO BADILLO/ALEJANDRO RODRIGUEZ TINAJERO) @ 2026-09-07 15:38 → Cerrado @ 2026-09-07 17:07 → Liberado por EFREN BUENDIA HERNANDEZ @ 2026-09-14 16:59
6,Liberado,07/09/2026,Lunes,37,Septiembre,BOLSEO,D,RODRIGO ALEJANDRO RODRIGUEZ TINAJERO,16:12,Alta,MECANICO,CORRECTIVO,SI,CASTRO MENDOZA PAMELA YOSELIN / VICTOR ALFARO,CASTRO MENDOZA PAMELA YOSELIN / VICTOR ALFARO,07/09/2026,16:13,Sí,07/09/2026,21:51,07/09/2026,16:14,2,0.03,337,5.62,,5.65,SI,14/09/2026,16:59,EFREN BUENDIA HERNANDEZ,Falla Placa de temperatura ,Se coloca placa de temperatura se colocan postes  y se ajusta altura se coloca resistencia ,,2°,,Solicitado @ 2026-09-07 16:12 → Asignado (CASTRO MENDOZA PAMELA YOSELIN/VICTOR ALFARO) @ 2026-09-07 16:13 → Confirmado en sitio (CASTRO MENDOZA PAMELA YOSELIN/VICTOR ALFARO) @ 2026-09-07 16:14 → Confirmado en sitio (CASTRO MENDOZA PAMELA YOSELIN/VICTOR ALFARO) @ 2026-09-07 16:14 → Cerrado @ 2026-09-07 21:51 → Liberado por EFREN BUENDIA HERNANDEZ @ 2026-09-14 16:59
7,Liberado,07/09/2026,Lunes,37,Septiembre,BOLSEO,LIAN YOU 1,RODRIGO ALEJANDRO RODRIGUEZ TINAJERO,17:07,Alta,MECANICO,CORRECTIVO,SI,ROBERTO BADILLO,ROBERTO BADILLO,07/09/2026,17:08,Sí,07/09/2026,18:08,07/09/2026,17:08,1,0.02,60,1,,1.02,SI,14/09/2026,16:58,EFREN BUENDIA HERNANDEZ,,Se repara guía de bandas ,,2°,,Solicitado @ 2026-09-07 17:07 → Asignado (ROBERTO BADILLO) @ 2026-09-07 17:08 → Confirmado en sitio (ROBERTO BADILLO) @ 2026-09-07 17:08 → Cerrado @ 2026-09-07 18:08 → Liberado por EFREN BUENDIA HERNANDEZ @ 2026-09-14 16:58
8,Liberado,07/09/2026,Lunes,37,Septiembre,BOLSEO,G,RODRIGO ALEJANDRO RODRIGUEZ TINAJERO,17:36,Alta,ELECTRICO,CORRECTIVO,SI,ALEJANDRO RODRIGUEZ TINAJERO,ALEJANDRO RODRIGUEZ TINAJERO,07/09/2026,17:36,Sí,07/09/2026,20:03,07/09/2026,17:37,1,0.02,146,2.43,,2.45,SI,14/09/2026,16:58,EFREN BUENDIA HERNANDEZ,Falla salida de material ,"Se repara electrocam y se ajusta y sincroniza. A  0.
Se ajusta cadena de transmisión ",,2°,,Solicitado @ 2026-09-07 17:36 → Asignado (ALEJANDRO RODRIGUEZ TINAJERO) @ 2026-09-07 17:36 → Confirmado en sitio (ALEJANDRO RODRIGUEZ TINAJERO) @ 2026-09-07 17:37 → Cerrado @ 2026-09-07 20:03 → Liberado por EFREN BUENDIA HERNANDEZ @ 2026-09-14 16:58
9,Liberado,07/09/2026,Lunes,37,Septiembre,IMPRESION,F2-3,MIGUEL ANGEL GRANADOS TREJO,18:10,Alta,NO APLICA,CORRECTIVO,NO APLICA,JORGE VEGA,JORGE VEGA,18/09/2026,07:36,Sí,18/09/2026,07:45,18/09/2026,07:41,15211,253.52,4,0.07,0,253.59,NO APLICA,18/09/2026,07:58,EFREN BUENDIA HERNANDEZ,Bomba del tintero 4 no sube ,,SIN REFACCIONES x1,1°,Prueba,Solicitado @ 2026-09-07 18:10 → Asignado (JORGE VEGA) @ 2026-09-18 07:36 → Confirmado en sitio (JORGE VEGA) @ 2026-09-18 07:41 → Cerrado @ 2026-09-18 07:45 → Liberado por EFREN BUENDIA HERNANDEZ @ 2026-09-18 07:58
10,Liberado,07/09/2026,Lunes,37,Septiembre,BOLSEO,LIAN YOU 1,RODRIGO ALEJANDRO RODRIGUEZ TINAJERO,20:37,Alta,ELECTRICO,CORRECTIVO,SI,ALEJANDRO RODRIGUEZ TINAJERO,ALEJANDRO RODRIGUEZ TINAJERO,07/09/2026,20:37,Sí,07/09/2026,21:52,07/09/2026,20:38,1,0.02,74,1.23,,1.25,SI,14/09/2026,16:58,EFREN BUENDIA HERNANDEZ,No sale el. Material,Se repara control de servo y se ajustam parámetros ,,2°,,Solicitado @ 2026-09-07 20:37 → Asignado (ALEJANDRO RODRIGUEZ TINAJERO) @ 2026-09-07 20:37 → Confirmado en sitio (ALEJANDRO RODRIGUEZ TINAJERO) @ 2026-09-07 20:38 → Confirmado en sitio (ALEJANDRO RODRIGUEZ TINAJERO) @ 2026-09-07 20:38 → Cerrado @ 2026-09-07 21:52 → Liberado por EFREN BUENDIA HERNANDEZ @ 2026-09-14 16:58
11,Liberado,07/09/2026,Lunes,37,Septiembre,POUCH,TOTANI 4,RODRIGO ALEJANDRO RODRIGUEZ TINAJERO,20:53,Alta,ELECTRICO,CORRECTIVO,SI,ROBERTO BADILLO,ROBERTO BADILLO,07/09/2026,20:54,Sí,07/09/2026,21:53,07/09/2026,20:54,1,0.02,59,0.98,,1,SI,14/09/2026,16:58,EFREN BUENDIA HERNANDEZ,Falla freno bailarin desbobinador ,Se reviza control de freno. Se restablece variador y se desbloquea bailarín ,,2°,,Solicitado @ 2026-09-07 20:53 → Asignado (ROBERTO BADILLO) @ 2026-09-07 20:54 → Confirmado en sitio (ROBERTO BADILLO) @ 2026-09-07 20:54 → Confirmado en sitio (ROBERTO BADILLO) @ 2026-09-07 20:54 → Cerrado @ 2026-09-07 21:53 → Liberado por EFREN BUENDIA HERNANDEZ @ 2026-09-14 16:58
12,Liberado,07/09/2026,Lunes,37,Septiembre,POUCH,TOTANI 3,AHAU QUITZE CASTILLO LOZANO,22:36,Alta,MECANICO,CORRECTIVO,SI,MIGUEL XOLALPA,MIGUEL XOLALPA,07/09/2026,22:46,Sí,07/09/2026,23:21,07/09/2026,22:49,13,0.22,32,0.53,,0.75,SI,14/09/2026,16:58,EFREN BUENDIA HERNANDEZ,ENBOBINADOR D TIRA NO HACE FUNCION,"Se revisa rebobinador de tira, se encuentra motor flojo y banda safada, se ajusta motor y se tensa banda de transmisión ",,3°,,Solicitado @ 2026-09-07 22:36 → Asignado (MIGUEL XOLALPA) @ 2026-09-07 22:46 → Confirmado en sitio (MIGUEL XOLALPA) @ 2026-09-07 22:49 → Cerrado @ 2026-09-07 23:21 → Liberado por EFREN BUENDIA HERNANDEZ @ 2026-09-14 16:58
13,Liberado,08/09/2026,Martes,37,Septiembre,IMPRESION,F2-3,GUSTAVO HERRERA GUEVARA,09:34,Alta,ELECTRONICO,CORRECTIVO,SI,EDUARDO LOREDO,EDUARDO LOREDO,08/09/2026,09:38,Sí,08/09/2026,10:15,08/09/2026,09:43,9,0.15,32,0.53,,0.68,NO,14/09/2026,16:58,EFREN BUENDIA HERNANDEZ,Alarma tintero 2 ,Se limpian terminales de cables de comunicación y de encoder ,NA,1°,NA,Solicitado @ 2026-09-08 09:34 → Asignado (EDUARDO LOREDO) @ 2026-09-08 09:38 → Confirmado en sitio (EDUARDO LOREDO) @ 2026-09-08 09:43 → Cerrado @ 2026-09-08 10:15 → Liberado por EFREN BUENDIA HERNANDEZ @ 2026-09-14 16:58
14,Liberado,08/09/2026,Martes,37,Septiembre,BOLSEO,G,Luis Carcamo ,13:40,Alta,NO APLICA,CORRECTIVO,NO APLICA,ISRAEL NEYRA SANCHEZ / JORGE VEGA,JORGE VEGA,18/09/2026,07:36,Sí,18/09/2026,07:46,18/09/2026,07:43,14043,234.05,3,0.05,0,234.1,NO APLICA,18/09/2026,07:58,EFREN BUENDIA HERNANDEZ,No sé puede bajar ni subir medida a la máquina ,Prueba,SIN REFACCIONES x1,1°,,Solicitado @ 2026-09-08 13:40 → Asignado (ISRAEL NEYRA SANCHEZ) @ 2026-09-08 14:02 → Asignación cancelada @ 2026-09-10 09:31 → Asignado (JORGE VEGA) @ 2026-09-18 07:36 → Confirmado en sitio (JORGE VEGA) @ 2026-09-18 07:43 → Cerrado @ 2026-09-18 07:46 → Liberado por EFREN BUENDIA HERNANDEZ @ 2026-09-18 07:58
15,Liberado,08/09/2026,Martes,37,Septiembre,REFINADO,SOMA,RODRIGO ALEJANDRO RODRIGUEZ TINAJERO,15:29,Alta,NEUMATICO,CORRECTIVO,SI,ALEJANDRO RODRIGUEZ TINAJERO / VICTOR ALFARO,ALEJANDRO RODRIGUEZ TINAJERO / VICTOR ALFARO,08/09/2026,15:30,Sí,08/09/2026,17:55,08/09/2026,15:30,1,0.02,145,2.42,,2.44,SI,14/09/2026,16:58,EFREN BUENDIA HERNANDEZ,No arranca la Máquina ,Se repara piston de barras del pisor de presión se cambia mangueras y conexiónes rápidas se ajusta altura del. Sensor ,,2°,,Solicitado @ 2026-09-08 15:29 → Asignado (ALEJANDRO RODRIGUEZ TINAJERO/VICTOR ALFARO) @ 2026-09-08 15:30 → Confirmado en sitio (ALEJANDRO RODRIGUEZ TINAJERO/VICTOR ALFARO) @ 2026-09-08 15:30 → Confirmado en sitio (ALEJANDRO RODRIGUEZ TINAJERO/VICTOR ALFARO) @ 2026-09-08 15:30 → Cerrado @ 2026-09-08 17:55 → Liberado por EFREN BUENDIA HERNANDEZ @ 2026-09-14 16:58
16,Liberado,08/09/2026,Martes,37,Septiembre,IMPRESION,General ,RODRIGO ALEJANDRO RODRIGUEZ TINAJERO,19:08,Alta,HIDRAULICO,CORRECTIVO,NO,CASTRO MENDOZA PAMELA YOSELIN,CASTRO MENDOZA PAMELA YOSELIN,08/09/2026,19:08,Sí,17/09/2026,22:28,08/09/2026,19:10,2,0.03,17,0.28,13141,0.31,NO,17/09/2026,22:32,RODRIGO ALEJANDRO RODRIGUEZ TINAJERO,Limpieza de bombas para Tinta ARO,Se repara bomba de tinta ,SIN REFACCIONES x1,3°,,Solicitado @ 2026-09-08 19:08 → Asignado (CASTRO MENDOZA PAMELA YOSELIN) @ 2026-09-08 19:08 → Confirmado en sitio (CASTRO MENDOZA PAMELA YOSELIN) @ 2026-09-08 19:10 → Confirmado en sitio (CASTRO MENDOZA PAMELA YOSELIN) @ 2026-09-08 19:10 → Pausado @ 2026-09-08 19:26 → Reanudado (CASTRO MENDOZA PAMELA YOSELIN) @ 2026-09-17 22:27 → Cerrado @ 2026-09-17 22:28 → Liberado por RODRIGO ALEJANDRO RODRIGUEZ TINAJERO @ 2026-09-17 22:32
17,Liberado,08/09/2026,Martes,37,Septiembre,BOLSEO,G,Luis Carcamo ,19:14,Alta,MECANICO,CORRECTIVO,SI,ALEJANDRO RODRIGUEZ TINAJERO / CASTRO MENDOZA PAMELA YOSELIN,CASTRO MENDOZA PAMELA YOSELIN,08/09/2026,19:26,Sí,08/09/2026,21:47,08/09/2026,19:31,17,0.28,136,2.27,,2.55,SI,14/09/2026,16:57,EFREN BUENDIA HERNANDEZ,"Se tiene problemas con la medida, baja y sube sola ",Se repara deslizamiento del disco principal. Se arma. Y se hacem pruebas ,,2°,,Solicitado @ 2026-09-08 19:14 → Asignado (ALEJANDRO RODRIGUEZ TINAJERO) @ 2026-09-08 19:20 → Asignación cancelada @ 2026-09-08 19:26 → Asignado (CASTRO MENDOZA PAMELA YOSELIN) @ 2026-09-08 19:26 → Confirmado en sitio (CASTRO MENDOZA PAMELA YOSELIN) @ 2026-09-08 19:31 → Confirmado en sitio (CASTRO MENDOZA PAMELA YOSELIN) @ 2026-09-08 19:31 → Confirmado en sitio (CASTRO MENDOZA PAMELA YOSELIN) @ 2026-09-08 19:31 → Cerrado @ 2026-09-08 21:47 → Liberado por EFREN BUENDIA HERNANDEZ @ 2026-09-14 16:57
18,Liberado,09/09/2026,Miércoles,37,Septiembre,IMPRESION,F2-3,GUSTAVO HERRERA GUEVARA,07:44,Alta,ELECTRONICO,CORRECTIVO,SI,ISRAEL NEYRA SANCHEZ / IRVING ALDRIGHETTI,ISRAEL NEYRA SANCHEZ / IRVING ALDRIGHETTI,09/09/2026,07:51,Sí,09/09/2026,08:31,09/09/2026,08:29,45,0.75,2,0.03,,0.78,SI,09/09/2026,09:59,,Alarma de drive motor eje rebobinadores ,Se reinicia comunicación de plc y Drive ,N/A,1°,Se restablece comunicación de plc ,Solicitado @ 2026-09-09 07:44 → Asignado (ISRAEL NEYRA SANCHEZ/IRVING ALDRIGHETTI) @ 2026-09-09 07:51 → Confirmado en sitio (ISRAEL NEYRA SANCHEZ/IRVING ALDRIGHETTI) @ 2026-09-09 08:29 → Confirmado en sitio (ISRAEL NEYRA SANCHEZ/IRVING ALDRIGHETTI) @ 2026-09-09 08:29 → Cerrado @ 2026-09-09 08:31 → Liberado @ 2026-09-09 09:59
19,Liberado,09/09/2026,Miércoles,37,Septiembre,IMPRESION,F4-1,RODRIGO ALEJANDRO RODRIGUEZ TINAJERO,14:58,Alta,ELECTRICO,CORRECTIVO,SI,ALEJANDRO RODRIGUEZ TINAJERO,ALEJANDRO RODRIGUEZ TINAJERO,09/09/2026,14:59,Sí,09/09/2026,17:53,09/09/2026,14:59,1,0.02,174,2.9,,2.92,SI,14/09/2026,16:57,EFREN BUENDIA HERNANDEZ,No arranca Maquina ,"Se hace limpieza de conectores de cables y conectores de Variadores
Y se resetea falla y parámetros ",,2°,,Solicitado @ 2026-09-09 14:58 → Asignado (ALEJANDRO RODRIGUEZ TINAJERO) @ 2026-09-09 14:59 → Confirmado en sitio (ALEJANDRO RODRIGUEZ TINAJERO) @ 2026-09-09 14:59 → Cerrado @ 2026-09-09 17:53 → Liberado por EFREN BUENDIA HERNANDEZ @ 2026-09-14 16:57
20,Liberado,09/09/2026,Miércoles,37,Septiembre,POUCH,Troqueles ,RODRIGO ALEJANDRO RODRIGUEZ TINAJERO,15:21,Alta,MECANICO,CORRECTIVO,NO,ROBERTO BADILLO / VICTOR ALFARO,ROBERTO BADILLO / VICTOR ALFARO,09/09/2026,15:22,Sí,09/09/2026,16:03,09/09/2026,15:22,1,0.02,41,0.68,,0.7,NO,14/09/2026,16:57,EFREN BUENDIA HERNANDEZ,Barrenar. Molde troquel,Se hacen barrenos para la adaptación del molde  en el troquel ,,2°,,Solicitado @ 2026-09-09 15:21 → Asignado (ROBERTO BADILLO/VICTOR ALFARO) @ 2026-09-09 15:22 → Confirmado en sitio (ROBERTO BADILLO/VICTOR ALFARO) @ 2026-09-09 15:22 → Confirmado en sitio (ROBERTO BADILLO/VICTOR ALFARO) @ 2026-09-09 15:22 → Cerrado @ 2026-09-09 16:03 → Liberado por EFREN BUENDIA HERNANDEZ @ 2026-09-14 16:57
21,Liberado,09/09/2026,Miércoles,37,Septiembre,BOLSEO,GE,JUAN MANUEL RAMIREZ TRONCOSO,15:40,Alta,ELECTRICO,CORRECTIVO,SI,ROBERTO BADILLO / VICTOR ALFARO,ROBERTO BADILLO / VICTOR ALFARO,09/09/2026,16:04,Sí,09/09/2026,17:52,09/09/2026,16:05,25,0.42,107,1.78,,2.2,SI,14/09/2026,16:57,EFREN BUENDIA HERNANDEZ,Cambio de termopack ,Se cambia sensor termopar y cables de alimentación ,,1°,,Solicitado @ 2026-09-09 15:40 → Asignado (ROBERTO BADILLO/VICTOR ALFARO) @ 2026-09-09 16:04 → Confirmado en sitio (ROBERTO BADILLO/VICTOR ALFARO) @ 2026-09-09 16:05 → Confirmado en sitio (ROBERTO BADILLO/VICTOR ALFARO) @ 2026-09-09 16:05 → Cerrado @ 2026-09-09 17:52 → Liberado por EFREN BUENDIA HERNANDEZ @ 2026-09-14 16:57
22,Liberado,09/09/2026,Miércoles,37,Septiembre,REFINADO,KMEC,RODRIGO ALEJANDRO RODRIGUEZ TINAJERO,17:56,Alta,MECANICO,CORRECTIVO,NO,ROBERTO BADILLO,ROBERTO BADILLO,09/09/2026,17:57,Sí,09/09/2026,19:31,09/09/2026,17:57,1,0.02,94,1.57,,1.59,NO,14/09/2026,16:57,EFREN BUENDIA HERNANDEZ,Rodillo desbobinador falla,Se repara rodillo desboninador ,,2°,,Solicitado @ 2026-09-09 17:56 → Asignado (ROBERTO BADILLO) @ 2026-09-09 17:57 → Confirmado en sitio (ROBERTO BADILLO) @ 2026-09-09 17:57 → Confirmado en sitio (ROBERTO BADILLO) @ 2026-09-09 17:57 → Cerrado @ 2026-09-09 19:31 → Liberado por EFREN BUENDIA HERNANDEZ @ 2026-09-14 16:57
23,Liberado,09/09/2026,Miércoles,37,Septiembre,IMPRESION,F2-1,RODRIGO ALEJANDRO RODRIGUEZ TINAJERO,18:27,Alta,MECANICO,CORRECTIVO,SI,ALEJANDRO RODRIGUEZ TINAJERO,ALEJANDRO RODRIGUEZ TINAJERO,09/09/2026,18:27,Sí,09/09/2026,19:30,09/09/2026,18:27,0,0,63,1.05,,1.05,SI,14/09/2026,16:57,EFREN BUENDIA HERNANDEZ,Falla no sale cliché ,Se libera portacliche ,,2°,,Solicitado @ 2026-09-09 18:27 → Asignado (ALEJANDRO RODRIGUEZ TINAJERO) @ 2026-09-09 18:27 → Confirmado en sitio (ALEJANDRO RODRIGUEZ TINAJERO) @ 2026-09-09 18:27 → Confirmado en sitio (ALEJANDRO RODRIGUEZ TINAJERO) @ 2026-09-09 18:27 → Cerrado @ 2026-09-09 19:30 → Liberado por EFREN BUENDIA HERNANDEZ @ 2026-09-14 16:57
24,Liberado,09/09/2026,Miércoles,37,Septiembre,BOLSEO,Sdai 15,MIGUEL ANGEL GUDIÑO CHAGOYA,18:38,Alta,ELECTRICO,CORRECTIVO,SI,ALEJANDRO RODRIGUEZ TINAJERO,ALEJANDRO RODRIGUEZ TINAJERO,09/09/2026,19:32,Sí,09/09/2026,21:39,09/09/2026,19:33,55,0.92,126,2.1,,3.02,SI,14/09/2026,16:57,EFREN BUENDIA HERNANDEZ,Paro de bandas trasportadoras,Se reviza falla. Se cambia boton de arranque de Variador motor de bandas y se cargan parámetros ,,2°,,Solicitado @ 2026-09-09 18:38 → Asignado (ALEJANDRO RODRIGUEZ TINAJERO) @ 2026-09-09 19:32 → Confirmado en sitio (ALEJANDRO RODRIGUEZ TINAJERO) @ 2026-09-09 19:33 → Confirmado en sitio (ALEJANDRO RODRIGUEZ TINAJERO) @ 2026-09-09 19:33 → Cerrado @ 2026-09-09 21:39 → Cerrado @ 2026-09-09 21:39 → Liberado por EFREN BUENDIA HERNANDEZ @ 2026-09-14 16:57
25,Liberado,09/09/2026,Miércoles,37,Septiembre,IMPRESION,General ,RODRIGO ALEJANDRO RODRIGUEZ TINAJERO,19:58,Alta,HIDRAULICO,CORRECTIVO,NO,CASTRO MENDOZA PAMELA YOSELIN,CASTRO MENDOZA PAMELA YOSELIN,09/09/2026,19:58,Sí,09/09/2026,21:53,09/09/2026,19:59,1,0.02,114,1.9,,1.92,NO,14/09/2026,16:57,EFREN BUENDIA HERNANDEZ,Mantenimiento Bombas para tinta,"Se repara Bomba para repuesto
Se limpia una segunda bomba
Queda pendiente terminarla",,2°,,Solicitado @ 2026-09-09 19:58 → Asignado (CASTRO MENDOZA PAMELA YOSELIN) @ 2026-09-09 19:58 → Confirmado en sitio (CASTRO MENDOZA PAMELA YOSELIN) @ 2026-09-09 19:59 → Confirmado en sitio (CASTRO MENDOZA PAMELA YOSELIN) @ 2026-09-09 19:59 → Confirmado en sitio (CASTRO MENDOZA PAMELA YOSELIN) @ 2026-09-09 19:59 → Cerrado @ 2026-09-09 21:53 → Liberado por EFREN BUENDIA HERNANDEZ @ 2026-09-14 16:57
26,Liberado,09/09/2026,Miércoles,37,Septiembre,BOLSEO,SDAI 4,LUIS GERARDO CASTRO REYES,23:38,Moderada,HIDRAULICO,CORRECTIVO,SI,ISMAEL BERMUDEZ,ISMAEL BERMUDEZ,09/09/2026,23:48,Sí,10/09/2026,01:06,09/09/2026,23:47,9,0.15,79,1.32,,1.47,SI,14/09/2026,16:56,EFREN BUENDIA HERNANDEZ,fuga de agua en placa,Se reemplazan conexiones y manguera de suministro de placa de agua ,Cra ⅛-8,3°,,Solicitado @ 2026-09-09 23:38 → Asignado (ISMAEL BERMUDEZ) @ 2026-09-09 23:48 → Confirmado en sitio (ISMAEL BERMUDEZ) @ 2026-09-09 23:47 → Confirmado en sitio (ISMAEL BERMUDEZ) @ 2026-09-09 23:47 → Cerrado @ 2026-09-10 01:06 → Liberado por EFREN BUENDIA HERNANDEZ @ 2026-09-14 16:56
27,Liberado,10/09/2026,Jueves,37,Septiembre,BOLSEO,Gg,Angel carcamo,01:08,Alta,MECANICO,CORRECTIVO,SI,ISMAEL BERMUDEZ / LUIS GERARDO HORTA / MIGUEL XOLALPA,LUIS GERARDO HORTA / MIGUEL XOLALPA,10/09/2026,01:33,Sí,10/09/2026,06:21,10/09/2026,01:47,39,0.65,274,4.57,,5.22,SI,14/09/2026,16:56,EFREN BUENDIA HERNANDEZ,Problema con balero de las levas se rompio,Se extraen tornillos degollados y se reemplaza resorte dañado ,"Resorte azul 
Mochuelo 5/16",3°,,Solicitado @ 2026-09-10 01:08 → Asignado (ISMAEL BERMUDEZ) @ 2026-09-10 01:19 → Asignación cancelada @ 2026-09-10 01:32 → Asignado (LUIS GERARDO HORTA/MIGUEL XOLALPA) @ 2026-09-10 01:33 → Confirmado en sitio (LUIS GERARDO HORTA/MIGUEL XOLALPA) @ 2026-09-10 01:47 → Cerrado @ 2026-09-10 06:21 → Liberado por EFREN BUENDIA HERNANDEZ @ 2026-09-14 16:56
28,Liberado,10/09/2026,Jueves,37,Septiembre,BOLSEO,SDAI 4,LUIS GERARDO CASTRO REYES,01:18,Alta,MECANICO,CORRECTIVO,SI,ISMAEL BERMUDEZ,ISMAEL BERMUDEZ,10/09/2026,01:32,Sí,10/09/2026,05:44,10/09/2026,01:26,8,0.13,258,4.3,,4.43,SI,14/09/2026,16:56,EFREN BUENDIA HERNANDEZ,se dañan engranes de  rodillos jaladores ,"Se cambian rodillos jaladores de material 
Engranes baleros y se cambian cra 
","
Bal 41
Vale 51
Cra 1/8 a 8",3°,,Solicitado @ 2026-09-10 01:18 → Asignado (ISMAEL BERMUDEZ) @ 2026-09-10 01:32 → Confirmado en sitio (ISMAEL BERMUDEZ) @ 2026-09-10 01:26 → Cerrado @ 2026-09-10 05:44 → Liberado por EFREN BUENDIA HERNANDEZ @ 2026-09-14 16:56
29,Liberado,10/09/2026,Jueves,37,Septiembre,IMPRESION,FJ-2,GUSTAVO HERRERA GUEVARA,07:34,Alta,MECANICO,CORRECTIVO,SI,ISRAEL NEYRA SANCHEZ,ISRAEL NEYRA SANCHEZ,10/09/2026,07:59,Sí,10/09/2026,08:06,10/09/2026,08:05,31,0.52,1,0.02,,0.54,SI,14/09/2026,16:56,EFREN BUENDIA HERNANDEZ,Tintero 6 amarrado el anilox . ,Se ajusta tensión en banda ,N/A,1°,Maquina funcionando,Solicitado @ 2026-09-10 07:34 → Asignado (ISRAEL NEYRA SANCHEZ) @ 2026-09-10 07:59 → Confirmado en sitio (ISRAEL NEYRA SANCHEZ) @ 2026-09-10 08:05 → Cerrado @ 2026-09-10 08:06 → Liberado por EFREN BUENDIA HERNANDEZ @ 2026-09-14 16:56
30,Liberado,10/09/2026,Jueves,37,Septiembre,IMPRESION,F2-3,RODRIGO ALEJANDRO RODRIGUEZ TINAJERO,14:43,Alta,MECANICO,CORRECTIVO,SI,ROBERTO BADILLO / VICTOR ALFARO,ROBERTO BADILLO / VICTOR ALFARO,10/09/2026,14:44,Sí,10/09/2026,21:55,10/09/2026,14:45,2,0.03,430,7.17,0,7.2,SI,14/09/2026,16:56,EFREN BUENDIA HERNANDEZ,Mantenimiento mecánico y eléctrico ,Mantenimiento mecánico limpieza de parrillas aire . De túnel ,,2°,,Solicitado @ 2026-09-10 14:43 → Asignado (ROBERTO BADILLO/VICTOR ALFARO) @ 2026-09-10 14:44 → Confirmado en sitio (ROBERTO BADILLO/VICTOR ALFARO) @ 2026-09-10 14:45 → Cerrado @ 2026-09-10 21:55 → Liberado por EFREN BUENDIA HERNANDEZ @ 2026-09-14 16:56
31,Liberado,10/09/2026,Jueves,37,Septiembre,IMPRESION,F2-3,RODRIGO ALEJANDRO RODRIGUEZ TINAJERO,14:56,Alta,MECANICO,CORRECTIVO,SI,ALEJANDRO RODRIGUEZ TINAJERO / CASTRO MENDOZA PAMELA YOSELIN,ALEJANDRO RODRIGUEZ TINAJERO / CASTRO MENDOZA PAMELA YOSELIN,10/09/2026,14:58,Sí,10/09/2026,21:57,10/09/2026,14:59,3,0.05,418,6.97,0,7.02,SI,14/09/2026,16:56,EFREN BUENDIA HERNANDEZ,Mantenimiento,Mantenimiento a Parrillas de aire Túnel  limpieza de Gabinete Eléctrico a variadores ,,2°,,Solicitado @ 2026-09-10 14:56 → Asignado (ALEJANDRO RODRIGUEZ TINAJERO/CASTRO MENDOZA PAMELA YOSELIN) @ 2026-09-10 14:58 → Confirmado en sitio (ALEJANDRO RODRIGUEZ TINAJERO/CASTRO MENDOZA PAMELA YOSELIN) @ 2026-09-10 14:59 → Cerrado @ 2026-09-10 21:57 → Liberado por EFREN BUENDIA HERNANDEZ @ 2026-09-14 16:56
32,Liberado,10/09/2026,Jueves,37,Septiembre,POUCH,TOTANI 6,DIEGO ANDRES RESENDIZ CASTILLO,15:11,Alta,NO APLICA,CORRECTIVO,NO APLICA,JORGE VEGA,JORGE VEGA,18/09/2026,07:36,Sí,18/09/2026,07:46,18/09/2026,07:44,11073,184.55,2,0.03,0,184.58,NO APLICA,18/09/2026,07:58,EFREN BUENDIA HERNANDEZ,MAQUINA TOTANI 6 ESTA FALLANDO DEL REGITRO DEL OJO LO QUE OCASIONA QUE SE PIERDA Y SE CORTE MAL LA BOLSA ,,SIN REFACCIONES x1,1°,,Solicitado @ 2026-09-10 15:11 → Asignado (JORGE VEGA) @ 2026-09-18 07:36 → Confirmado en sitio (JORGE VEGA) @ 2026-09-18 07:44 → Cerrado @ 2026-09-18 07:46 → Liberado por EFREN BUENDIA HERNANDEZ @ 2026-09-18 07:58
33,Liberado,10/09/2026,Jueves,37,Septiembre,BOLSEO,SDAI 6,Angel lozano,15:51,Alta,NO APLICA,CORRECTIVO,NO APLICA,JORGE VEGA,JORGE VEGA,18/09/2026,07:36,Sí,18/09/2026,07:48,18/09/2026,07:47,11036,183.93,1,0.02,0,183.95,NO APLICA,18/09/2026,07:58,EFREN BUENDIA HERNANDEZ,Se enrreda cable en rodillo que jala el material ,Prueba,SIN REFACCIONES x1,1°,,Solicitado @ 2026-09-10 15:51 → Asignado (JORGE VEGA) @ 2026-09-18 07:36 → Confirmado en sitio (JORGE VEGA) @ 2026-09-18 07:47 → Cerrado @ 2026-09-18 07:48 → Liberado por EFREN BUENDIA HERNANDEZ @ 2026-09-18 07:58
34,Liberado,10/09/2026,Jueves,37,Septiembre,BOLSEO,SDAI 4,Ange lozano,16:38,Alta,NO APLICA,CORRECTIVO,NO APLICA,JORGE VEGA,JORGE VEGA,18/09/2026,07:36,Sí,18/09/2026,07:48,18/09/2026,07:47,10989,183.15,1,0.02,0,183.17,NO APLICA,18/09/2026,07:57,EFREN BUENDIA HERNANDEZ,Se rompieron cables se apago maquina ,Prueba,SIN REFACCIONES x1,1°,,Solicitado @ 2026-09-10 16:38 → Asignado (JORGE VEGA) @ 2026-09-18 07:36 → Confirmado en sitio (JORGE VEGA) @ 2026-09-18 07:47 → Cerrado @ 2026-09-18 07:48 → Liberado por EFREN BUENDIA HERNANDEZ @ 2026-09-18 07:57
35,Liberado,11/09/2026,Viernes,37,Septiembre,BOLSEO,SDAI 4,Angel lozano,10:39,Alta,NO APLICA,CORRECTIVO,NO APLICA,JORGE VEGA,JORGE VEGA,18/09/2026,07:36,Sí,18/09/2026,07:50,18/09/2026,07:49,9910,165.17,1,0.02,0,165.19,NO APLICA,18/09/2026,07:57,EFREN BUENDIA HERNANDEZ,Se trono tornillo de la placa se tiene que rreemplazar,Prueba,SIN REFACCIONES x1,1°,,Solicitado @ 2026-09-11 10:39 → Asignado (JORGE VEGA) @ 2026-09-18 07:36 → Confirmado en sitio (JORGE VEGA) @ 2026-09-18 07:49 → Cerrado @ 2026-09-18 07:50 → Liberado por EFREN BUENDIA HERNANDEZ @ 2026-09-18 07:57
36,Liberado,11/09/2026,Viernes,37,Septiembre,IMPRESION,F2-1,RODRIGO ALEJANDRO RODRIGUEZ TINAJERO,16:00,Alta,HIDRAULICO,CORRECTIVO,NO,CASTRO MENDOZA PAMELA YOSELIN / VICTOR ALFARO / ROBERTO BADILLO,CASTRO MENDOZA PAMELA YOSELIN / VICTOR ALFARO / ROBERTO BADILLO,11/09/2026,16:01,Sí,11/09/2026,17:06,11/09/2026,16:02,2,0.03,64,1.07,0,1.1,NO,14/09/2026,16:55,EFREN BUENDIA HERNANDEZ,Falla bomba de solvente ,Se repara Bomba para solvente,,2°,,Solicitado @ 2026-09-11 16:00 → Asignado (CASTRO MENDOZA PAMELA YOSELIN/VICTOR ALFARO) @ 2026-09-11 16:01 → Confirmado en sitio (CASTRO MENDOZA PAMELA YOSELIN/VICTOR ALFARO) @ 2026-09-11 16:02 → Confirmado en sitio (CASTRO MENDOZA PAMELA YOSELIN/VICTOR ALFARO) @ 2026-09-11 16:02 → Confirmado en sitio (CASTRO MENDOZA PAMELA YOSELIN/VICTOR ALFARO) @ 2026-09-11 16:02 → Técnico agregado (ROBERTO BADILLO) @ 2026-09-11 17:05 → Cerrado @ 2026-09-11 17:06 → Liberado por EFREN BUENDIA HERNANDEZ @ 2026-09-14 16:55
37,Liberado,11/09/2026,Viernes,37,Septiembre,BOLSEO,SDAI 4,Angel lozano,16:59,Alta,MECANICO,CORRECTIVO,SI,CASTRO MENDOZA PAMELA YOSELIN,CASTRO MENDOZA PAMELA YOSELIN,11/09/2026,17:11,Sí,11/09/2026,19:29,11/09/2026,17:12,13,0.22,137,2.28,0,2.5,SI,14/09/2026,16:55,EFREN BUENDIA HERNANDEZ,Se paran las bandas y hace ruido parece ser balero,Se repara flecha del rodillo de las bandas y se cambian los baleros ,,2°,,Solicitado @ 2026-09-11 16:59 → Asignado (CASTRO MENDOZA PAMELA YOSELIN) @ 2026-09-11 17:11 → Confirmado en sitio (CASTRO MENDOZA PAMELA YOSELIN) @ 2026-09-11 17:12 → Cerrado @ 2026-09-11 19:29 → Liberado por EFREN BUENDIA HERNANDEZ @ 2026-09-14 16:55
38,Liberado,11/09/2026,Viernes,37,Septiembre,BOLSEO,F,RODRIGO ALEJANDRO RODRIGUEZ TINAJERO,17:21,Alta,MECANICO,CORRECTIVO,SI,ALEJANDRO RODRIGUEZ TINAJERO / VICTOR ALFARO,ALEJANDRO RODRIGUEZ TINAJERO / VICTOR ALFARO,11/09/2026,17:21,Sí,11/09/2026,18:25,11/09/2026,17:22,1,0.02,63,1.05,0,1.07,SI,14/09/2026,16:55,EFREN BUENDIA HERNANDEZ,No Giran ruedas de salida de. Material ,Se reviza rodillo. Encontrando dañada la. Polea de desplazamiento se repara y se da tension de la. Banda ,,2°,,Solicitado @ 2026-09-11 17:21 → Asignado (ALEJANDRO RODRIGUEZ TINAJERO/VICTOR ALFARO) @ 2026-09-11 17:21 → Confirmado en sitio (ALEJANDRO RODRIGUEZ TINAJERO/VICTOR ALFARO) @ 2026-09-11 17:22 → Cerrado @ 2026-09-11 18:25 → Liberado por EFREN BUENDIA HERNANDEZ @ 2026-09-14 16:55
39,Liberado,11/09/2026,Viernes,37,Septiembre,REFINADO,KMEC,RODRIGO ALEJANDRO RODRIGUEZ TINAJERO,18:26,Alta,NO APLICA,CORRECTIVO,NO APLICA,JORGE VEGA,JORGE VEGA,18/09/2026,07:36,Sí,18/09/2026,07:51,18/09/2026,07:49,9443,157.38,2,0.03,0,157.41,NO APLICA,18/09/2026,07:57,EFREN BUENDIA HERNANDEZ,Falla Mordaza. Que retiene rodillo desbobinador ,Prueba,SIN REFACCIONES x1,1°,,Solicitado @ 2026-09-11 18:26 → Asignado (JORGE VEGA) @ 2026-09-18 07:36 → Confirmado en sitio (JORGE VEGA) @ 2026-09-18 07:49 → Cerrado @ 2026-09-18 07:51 → Liberado por EFREN BUENDIA HERNANDEZ @ 2026-09-18 07:57
40,Liberado,11/09/2026,Viernes,37,Septiembre,IMPRESION,F4-2,RODRIGO ALEJANDRO RODRIGUEZ TINAJERO,18:27,Alta,NO APLICA,CORRECTIVO,NO APLICA,JORGE VEGA,JORGE VEGA,18/09/2026,07:37,Sí,18/09/2026,07:52,18/09/2026,07:50,9443,157.38,2,0.03,0,157.41,NO APLICA,18/09/2026,07:57,EFREN BUENDIA HERNANDEZ,Se para la. Maquina ,Prueba,SIN REFACCIONES x1,1°,,Solicitado @ 2026-09-11 18:27 → Asignado (JORGE VEGA) @ 2026-09-18 07:37 → Confirmado en sitio (JORGE VEGA) @ 2026-09-18 07:50 → Cerrado @ 2026-09-18 07:52 → Liberado por EFREN BUENDIA HERNANDEZ @ 2026-09-18 07:57
41,Liberado,11/09/2026,Viernes,37,Septiembre,IMPRESION,General,RODRIGO ALEJANDRO RODRIGUEZ TINAJERO,19:30,Alta,HIDRAULICO,CORRECTIVO,SI,CASTRO MENDOZA PAMELA YOSELIN,CASTRO MENDOZA PAMELA YOSELIN,11/09/2026,19:31,Sí,11/09/2026,23:14,11/09/2026,19:32,2,0.03,222,3.7,0,3.73,SI,14/09/2026,16:55,EFREN BUENDIA HERNANDEZ,Mantenimiento de Bombas para tinta,Se repara Bomba ,,2°,,Solicitado @ 2026-09-11 19:30 → Asignado (CASTRO MENDOZA PAMELA YOSELIN) @ 2026-09-11 19:31 → Confirmado en sitio (CASTRO MENDOZA PAMELA YOSELIN) @ 2026-09-11 19:32 → Cerrado @ 2026-09-11 23:14 → Liberado por EFREN BUENDIA HERNANDEZ @ 2026-09-14 16:55
42,Liberado,11/09/2026,Viernes,37,Septiembre,POUCH,TOTANI 7,RODRIGO ALEJANDRO RODRIGUEZ TINAJERO,19:40,Alta,MECANICO,CORRECTIVO,SI,ROBERTO BADILLO,ROBERTO BADILLO,11/09/2026,19:41,Sí,11/09/2026,21:05,11/09/2026,19:41,1,0.02,84,1.4,0,1.42,SI,14/09/2026,16:55,EFREN BUENDIA HERNANDEZ,Falla pistón. Navaja,Se repara soporte de pistón de navaja principal ,,2°,,Solicitado @ 2026-09-11 19:40 → Asignado (ROBERTO BADILLO) @ 2026-09-11 19:41 → Confirmado en sitio (ROBERTO BADILLO) @ 2026-09-11 19:41 → Cerrado @ 2026-09-11 21:05 → Liberado por EFREN BUENDIA HERNANDEZ @ 2026-09-14 16:55
43,Liberado,14/09/2026,Lunes,38,Septiembre,BOLSEO,G,Angel Varcamo,08:35,Alta,NO APLICA,CORRECTIVO,NO APLICA,JORGE VEGA,JORGE VEGA,18/09/2026,07:37,Sí,18/09/2026,07:52,18/09/2026,07:51,5716,95.27,1,0.02,0,95.29,NO APLICA,18/09/2026,07:57,EFREN BUENDIA HERNANDEZ,Se rompen resortes de placa de sello,Prueba,SIN REFACCIONES x1,1°,,Solicitado @ 2026-09-14 08:35 → Asignado (JORGE VEGA) @ 2026-09-18 07:37 → Confirmado en sitio (JORGE VEGA) @ 2026-09-18 07:51 → Cerrado @ 2026-09-18 07:52 → Liberado por EFREN BUENDIA HERNANDEZ @ 2026-09-18 07:57
44,Liberado,14/09/2026,Lunes,38,Septiembre,POUCH,TOTANI 3,AHAU QUITZE CASTILLO LOZANO,13:34,Alta,NO APLICA,CORRECTIVO,NO APLICA,JORGE VEGA,JORGE VEGA,18/09/2026,07:37,Sí,18/09/2026,07:53,18/09/2026,07:53,5419,90.32,0,0,0,90.32,NO APLICA,18/09/2026,07:57,EFREN BUENDIA HERNANDEZ,"*PROBLEMA DE ARRANQUE (PUERTA ABIERTA)

*CABLE DE RESISTENCI QUEBRADO  ",Prueba,SIN REFACCIONES x1,1°,,Solicitado @ 2026-09-14 13:34 → Asignado (JORGE VEGA) @ 2026-09-18 07:37 → Confirmado en sitio (JORGE VEGA) @ 2026-09-18 07:53 → Cerrado @ 2026-09-18 07:53 → Liberado por EFREN BUENDIA HERNANDEZ @ 2026-09-18 07:57
45,Liberado,14/09/2026,Lunes,38,Septiembre,IMPRESION,F4-3,GUSTAVO HERRERA GUEVARA,20:13,Alta,NO APLICA,CORRECTIVO,NO APLICA,JORGE VEGA,JORGE VEGA,18/09/2026,07:37,Sí,18/09/2026,07:54,18/09/2026,07:53,5020,83.67,1,0.02,0,83.69,NO APLICA,18/09/2026,07:57,EFREN BUENDIA HERNANDEZ,Alarma sensor lel túnel y tinteros ,Prueba,SIN REFACCIONES x1,1°,,Solicitado @ 2026-09-14 20:13 → Asignado (JORGE VEGA) @ 2026-09-18 07:37 → Confirmado en sitio (JORGE VEGA) @ 2026-09-18 07:53 → Cerrado @ 2026-09-18 07:54 → Liberado por EFREN BUENDIA HERNANDEZ @ 2026-09-18 07:57
46,Liberado,14/09/2026,Lunes,38,Septiembre,BOLSEO,SDAI 14,RODRIGO ALEJANDRO RODRIGUEZ TINAJERO,23:40,Alta,ELECTRICO,CORRECTIVO,SI,ROBERTO BADILLO / VICTOR ALFARO,ROBERTO BADILLO / VICTOR ALFARO,14/09/2026,23:40,Sí,15/09/2026,00:42,14/09/2026,23:41,1,0.02,61,1.02,0,1.04,SI,15/09/2026,00:45,RODRIGO ALEJANDRO RODRIGUEZ TINAJERO,Falla Temperatura ,Se encuentran cables dañados de alimentación en la resistencia ,Tramo de Portacable 18x25 x1,3°,,Solicitado @ 2026-09-14 23:40 → Asignado (ROBERTO BADILLO/VICTOR ALFARO) @ 2026-09-14 23:40 → Confirmado en sitio (ROBERTO BADILLO/VICTOR ALFARO) @ 2026-09-14 23:41 → Cerrado @ 2026-09-15 00:42 → Liberado por RODRIGO ALEJANDRO RODRIGUEZ TINAJERO @ 2026-09-15 00:45
47,Liberado,15/09/2026,Martes,38,Septiembre,IMPRESION,F4-1,RODRIGO ALEJANDRO RODRIGUEZ TINAJERO,00:03,Alta,ELECTRICO,CORRECTIVO,SI,ALEJANDRO RODRIGUEZ TINAJERO / CASTRO MENDOZA PAMELA YOSELIN / VICTOR ALFARO,ALEJANDRO RODRIGUEZ TINAJERO / CASTRO MENDOZA PAMELA YOSELIN / VICTOR ALFARO,15/09/2026,00:03,Sí,15/09/2026,06:42,15/09/2026,00:04,1,0.02,398,6.63,0,6.65,SI,15/09/2026,06:43,JOSE CARLOS DOMINGUEZ MARQUEZ,Falla máquina portacliche 5,Se limpian conexiones de cables ethernet y de variadores se cambia tarjeta d encoder y también cable verde de encoder  queda pendiente posible cambio de. Encoder ,SIN REFACCIONES x1,3°,,Solicitado @ 2026-09-15 00:03 → Asignado (ALEJANDRO RODRIGUEZ TINAJERO/CASTRO MENDOZA PAMELA YOSELIN) @ 2026-09-15 00:03 → Confirmado en sitio (ALEJANDRO RODRIGUEZ TINAJERO/CASTRO MENDOZA PAMELA YOSELIN) @ 2026-09-15 00:04 → Técnico agregado (VICTOR ALFARO) @ 2026-09-15 03:21 → Cerrado @ 2026-09-15 06:42 → Liberado por JOSE CARLOS DOMINGUEZ MARQUEZ @ 2026-09-15 06:43
48,Liberado,15/09/2026,Martes,38,Septiembre,GENERAL,NO APLICA,RODRIGO ALEJANDRO RODRIGUEZ TINAJERO,00:44,Alta,ELECTRICO,CORRECTIVO,NO,ROBERTO BADILLO / VICTOR ALFARO,ROBERTO BADILLO / VICTOR ALFARO,15/09/2026,00:45,Sí,15/09/2026,02:08,15/09/2026,00:46,2,0.03,82,1.37,0,1.4,NO,15/09/2026,02:09,RODRIGO ALEJANDRO RODRIGUEZ TINAJERO,Falla báscula de pacas ,Se repara. Cables de control se calibran las celdas de carga. Se hacen pruebas ,SIN REFACCIONES x1,3°,,Solicitado @ 2026-09-15 00:44 → Asignado (ROBERTO BADILLO/VICTOR ALFARO) @ 2026-09-15 00:45 → Confirmado en sitio (ROBERTO BADILLO/VICTOR ALFARO) @ 2026-09-15 00:46 → Cerrado @ 2026-09-15 02:08 → Liberado por RODRIGO ALEJANDRO RODRIGUEZ TINAJERO @ 2026-09-15 02:09
49,Liberado,15/09/2026,Martes,38,Septiembre,BOLSEO,SDAI 5,Angel lozano,05:44,Alta,MECANICO,CORRECTIVO,SI,CASTRO MENDOZA PAMELA YOSELIN / ROBERTO BADILLO,ROBERTO BADILLO / CASTRO MENDOZA PAMELA YOSELIN,15/09/2026,06:51,Sí,15/09/2026,13:33,15/09/2026,06:51,67,1.12,402,6.7,0,7.82,SI,15/09/2026,13:34,RODRIGO ALEJANDRO RODRIGUEZ TINAJERO,Se rronppe engrane de rodillo y se alarma,Se colocan y cambian baleros de rodillos principales tanto superiores como inferiores. Se pone nuevo engrane ,SIN REFACCIONES x1,3°,,Solicitado @ 2026-09-15 05:44 → Asignado (CASTRO MENDOZA PAMELA YOSELIN) @ 2026-09-15 06:50 → Asignación cancelada @ 2026-09-15 06:50 → Asignado (CASTRO MENDOZA PAMELA YOSELIN) @ 2026-09-15 06:50 → Asignación cancelada @ 2026-09-15 06:51 → Asignado (ROBERTO BADILLO) @ 2026-09-15 06:51 → Confirmado en sitio (ROBERTO BADILLO) @ 2026-09-15 06:51 → Técnico agregado (CASTRO MENDOZA PAMELA YOSELIN) @ 2026-09-15 06:51 → Cerrado @ 2026-09-15 13:33 → Liberado por RODRIGO ALEJANDRO RODRIGUEZ TINAJERO @ 2026-09-15 13:34
50,Liberado,15/09/2026,Martes,38,Septiembre,BOLSEO,SDAI 5,EDUARDO HERNANDEZ MONTIEL,13:53,Moderada,NO APLICA,CORRECTIVO,NO APLICA,JORGE VEGA,JORGE VEGA,18/09/2026,07:37,Sí,18/09/2026,07:55,18/09/2026,07:54,3961,66.02,1,0.02,0,66.04,NO APLICA,18/09/2026,07:57,EFREN BUENDIA HERNANDEZ,CAMBIO DE LA ESTRUCTURA O PIEZAS DE LA BARRA DE SELLO (NUEVAS) YA SE SOLICITARON CON ATERIORIDAD,Prueba,SIN REFACCIONES x1,1°,,Solicitado @ 2026-09-15 13:53 → Asignado (JORGE VEGA) @ 2026-09-18 07:37 → Confirmado en sitio (JORGE VEGA) @ 2026-09-18 07:54 → Cerrado @ 2026-09-18 07:55 → Liberado por EFREN BUENDIA HERNANDEZ @ 2026-09-18 07:57
51,Liberado,17/09/2026,Jueves,38,Septiembre,BOLSEO,SDAI 14,JESUS ALEJANDRO DANIEL CEJA MORENO,13:30,Alta,NO APLICA,CORRECTIVO,NO APLICA,JORGE VEGA,JORGE VEGA,18/09/2026,07:37,Sí,18/09/2026,07:55,18/09/2026,07:55,1105,18.42,0,0,0,18.42,NO APLICA,18/09/2026,07:57,EFREN BUENDIA HERNANDEZ,CAMBIODE BANDA DE RODILLOS,Prueba,SIN REFACCIONES x1,1°,,Solicitado @ 2026-09-17 13:30 → Asignado (JORGE VEGA) @ 2026-09-18 07:37 → Confirmado en sitio (JORGE VEGA) @ 2026-09-18 07:55 → Cerrado @ 2026-09-18 07:55 → Liberado por EFREN BUENDIA HERNANDEZ @ 2026-09-18 07:57
52,Liberado,17/09/2026,Jueves,38,Septiembre,POUCH,TOTANI 7,JULIO ALBERTO GUZMAN MANUEL,17:14,Alta,NO APLICA,CORRECTIVO,NO APLICA,JORGE VEGA,JORGE VEGA,18/09/2026,07:55,Sí,18/09/2026,07:56,18/09/2026,07:56,882,14.7,0,0,0,14.7,NO APLICA,18/09/2026,07:57,EFREN BUENDIA HERNANDEZ,SE ROMPE TORNILLO DE CUCHILLA,Prueba,SIN REFACCIONES x1,1°,,Solicitado @ 2026-09-17 17:14 → Asignado (JORGE VEGA) @ 2026-09-18 07:37 → Asignación cancelada @ 2026-09-18 07:41 → Asignado (JORGE VEGA) @ 2026-09-18 07:55 → Confirmado en sitio (JORGE VEGA) @ 2026-09-18 07:56 → Cerrado @ 2026-09-18 07:56 → Liberado por EFREN BUENDIA HERNANDEZ @ 2026-09-18 07:57
53,Liberado,17/09/2026,Jueves,38,Septiembre,BOLSEO,F,RODRIGO ALEJANDRO RODRIGUEZ TINAJERO,22:42,Alta,MECANICO,CORRECTIVO,SI,ROBERTO BADILLO / CASTRO MENDOZA PAMELA YOSELIN,ROBERTO BADILLO / CASTRO MENDOZA PAMELA YOSELIN,17/09/2026,22:44,Sí,18/09/2026,03:43,17/09/2026,22:51,9,0.15,292,4.87,0,5.02,SI,18/09/2026,07:56,EFREN BUENDIA HERNANDEZ,Falla placa de temperatura se rompen tornillos ,Se repara placa de temperatura tornillos de ajuste dañados ,SIN REFACCIONES x1,3°,,Solicitado @ 2026-09-17 22:42 → Asignado (ROBERTO BADILLO/CASTRO MENDOZA PAMELA YOSELIN) @ 2026-09-17 22:44 → Confirmado en sitio (ROBERTO BADILLO/CASTRO MENDOZA PAMELA YOSELIN) @ 2026-09-17 22:51 → Cerrado @ 2026-09-18 03:43 → Liberado por EFREN BUENDIA HERNANDEZ @ 2026-09-18 07:56
54,Liberado,17/09/2026,Jueves,38,Septiembre,IMPRESION,F4-1,RODRIGO ALEJANDRO RODRIGUEZ TINAJERO,23:24,Alta,ELECTRICO,CORRECTIVO,SI,ALEJANDRO RODRIGUEZ TINAJERO / VICTOR ALFARO,ALEJANDRO RODRIGUEZ TINAJERO / VICTOR ALFARO,17/09/2026,23:25,Sí,18/09/2026,00:33,17/09/2026,23:26,2,0.03,67,1.12,0,1.15,SI,18/09/2026,00:39,RODRIGO ALEJANDRO RODRIGUEZ TINAJERO,Falla comunicación Anilox 8,Se hace limpieza de conectores de cables ethernet y de conectores de variadores ,"Adaptador de acero para 1/8"" hasta 7/16"" (SCA-UNIV/2S) x1",3°,,Solicitado @ 2026-09-17 23:24 → Asignado (ALEJANDRO RODRIGUEZ TINAJERO/VICTOR ALFARO) @ 2026-09-17 23:25 → Confirmado en sitio (ALEJANDRO RODRIGUEZ TINAJERO/VICTOR ALFARO) @ 2026-09-17 23:26 → Cerrado @ 2026-09-18 00:33 → Liberado por RODRIGO ALEJANDRO RODRIGUEZ TINAJERO @ 2026-09-18 00:39
55,Liberado,18/09/2026,Viernes,38,Septiembre,POUCH,TOTANI 6,VICENTE DE LA CRUZ TREJO,11:18,Alta,NO APLICA,CORRECTIVO,NO APLICA,JORGE VEGA,JORGE VEGA,21/09/2026,07:47,Sí,21/09/2026,07:50,21/09/2026,07:49,4111,68.52,1,0.02,0,68.54,NO APLICA,21/09/2026,07:53,EFREN BUENDIA HERNANDEZ,SE APAGO PANTALLA,Prueba,SIN REFACCIONES x1,1°,,Solicitado @ 2026-09-18 11:18 → Asignado (JORGE VEGA) @ 2026-09-21 07:47 → Confirmado en sitio (JORGE VEGA) @ 2026-09-21 07:49 → Cerrado @ 2026-09-21 07:50 → Liberado por EFREN BUENDIA HERNANDEZ @ 2026-09-21 07:53
56,Liberado,18/09/2026,Viernes,38,Septiembre,BOLSEO,SDAI 7,MARIA MICAELA ESCALANTE LUCIO,12:54,Alta,NO APLICA,CORRECTIVO,NO APLICA,JORGE VEGA,JORGE VEGA,21/09/2026,07:51,Sí,21/09/2026,07:53,21/09/2026,07:52,4018,66.97,1,0.02,0,66.99,NO APLICA,21/09/2026,08:07,RODRIGO ALEJANDRO RODRIGUEZ TINAJERO,falla de estática,Prueba,SIN REFACCIONES x1,1°,,Solicitado @ 2026-09-18 12:54 → Asignado (JORGE VEGA) @ 2026-09-21 07:47 → Asignación cancelada @ 2026-09-21 07:51 → Asignado (JORGE VEGA) @ 2026-09-21 07:51 → Confirmado en sitio (JORGE VEGA) @ 2026-09-21 07:52 → Cerrado @ 2026-09-21 07:53 → Liberado por RODRIGO ALEJANDRO RODRIGUEZ TINAJERO @ 2026-09-21 08:07
57,Liberado,18/09/2026,Viernes,38,Septiembre,BOLSEO,F,FRANCISCO ROSAS AYALA,13:33,Alta,NO APLICA,CORRECTIVO,NO APLICA,JORGE VEGA,JORGE VEGA,21/09/2026,07:51,Sí,21/09/2026,07:53,21/09/2026,07:52,3979,66.32,1,0.02,0,66.34,NO APLICA,21/09/2026,08:07,RODRIGO ALEJANDRO RODRIGUEZ TINAJERO,"se solicita  cambio de termopack, por variacion de temperatura",Prueba,SIN REFACCIONES x1,1°,,Solicitado @ 2026-09-18 13:33 → Asignado (JORGE VEGA) @ 2026-09-21 07:50 → Asignación cancelada @ 2026-09-21 07:51 → Asignado (JORGE VEGA) @ 2026-09-21 07:51 → Confirmado en sitio (JORGE VEGA) @ 2026-09-21 07:52 → Cerrado @ 2026-09-21 07:53 → Liberado por RODRIGO ALEJANDRO RODRIGUEZ TINAJERO @ 2026-09-21 08:07
58,Liberado,18/09/2026,Viernes,38,Septiembre,IMPRESION,F2-3,MIGUEL ANGEL GRANADOS TREJO,23:36,Alta,ELECTRICO,CORRECTIVO,SI,ALEJANDRO RODRIGUEZ TINAJERO / VICTOR ALFARO,ALEJANDRO RODRIGUEZ TINAJERO / VICTOR ALFARO,18/09/2026,23:39,Sí,19/09/2026,01:02,18/09/2026,23:39,3,0.05,83,1.38,0,1.43,NO,19/09/2026,01:02,RODRIGO ALEJANDRO RODRIGUEZ TINAJERO,Alarma del tintero 4 ,"Se hace limpieza de conectores de cables Ethernet y contactos de variadores 
Se hacen pruebas",SIN REFACCIONES x1,3°,,Solicitado @ 2026-09-18 23:36 → Asignado (ALEJANDRO RODRIGUEZ TINAJERO/VICTOR ALFARO) @ 2026-09-18 23:39 → Confirmado en sitio (ALEJANDRO RODRIGUEZ TINAJERO/VICTOR ALFARO) @ 2026-09-18 23:39 → Cerrado @ 2026-09-19 01:02 → Liberado por RODRIGO ALEJANDRO RODRIGUEZ TINAJERO @ 2026-09-19 01:02
59,Liberado,19/09/2026,Sábado,38,Septiembre,BOLSEO,D,RODRIGO ALEJANDRO RODRIGUEZ TINAJERO,00:06,Alta,MECANICO,CORRECTIVO,SI,ROBERTO BADILLO / CASTRO MENDOZA PAMELA YOSELIN,ROBERTO BADILLO / CASTRO MENDOZA PAMELA YOSELIN,19/09/2026,00:07,Sí,19/09/2026,01:26,19/09/2026,00:14,8,0.13,72,1.2,0,1.33,SI,19/09/2026,01:27,RODRIGO ALEJANDRO RODRIGUEZ TINAJERO,Corregir tornillos de placa ,Se reparan tornillos de placa principal ,SIN REFACCIONES x1,3°,,Solicitado @ 2026-09-19 00:06 → Asignado (ROBERTO BADILLO) @ 2026-09-19 00:07 → Confirmado en sitio (ROBERTO BADILLO) @ 2026-09-19 00:14 → Técnico agregado (CASTRO MENDOZA PAMELA YOSELIN) @ 2026-09-19 00:14 → Cerrado @ 2026-09-19 01:26 → Liberado por RODRIGO ALEJANDRO RODRIGUEZ TINAJERO @ 2026-09-19 01:27
60,Liberado,19/09/2026,Sábado,38,Septiembre,BOLSEO,SDAI 15,RODRIGO ALEJANDRO RODRIGUEZ TINAJERO,01:30,Alta,ELECTRICO,CORRECTIVO,SI,ROBERTO BADILLO / CASTRO MENDOZA PAMELA YOSELIN,ROBERTO BADILLO / CASTRO MENDOZA PAMELA YOSELIN,19/09/2026,01:30,Sí,19/09/2026,04:50,19/09/2026,01:31,1,0.02,199,3.32,0,3.34,SI,19/09/2026,05:13,VICTOR HUGO NEYRA FLORES,Falla estática ,Se repara barra estática. Ya que tiene. Fuga de electrones.  Se coloca.  Se deja provisional en lo que se consigue  el respus si xdd,SIN REFACCIONES x1,3°,,Solicitado @ 2026-09-19 01:30 → Asignado (ROBERTO BADILLO/CASTRO MENDOZA PAMELA YOSELIN) @ 2026-09-19 01:30 → Confirmado en sitio (ROBERTO BADILLO/CASTRO MENDOZA PAMELA YOSELIN) @ 2026-09-19 01:31 → Cerrado @ 2026-09-19 04:50 → Liberado por VICTOR HUGO NEYRA FLORES @ 2026-09-19 05:13
61,Liberado,19/09/2026,Sábado,38,Septiembre,LAMINACION,NO APLICA,RODRIGO ALEJANDRO RODRIGUEZ TINAJERO,01:33,Alta,MECANICO,CORRECTIVO,NO,ALEJANDRO RODRIGUEZ TINAJERO / VICTOR ALFARO,ALEJANDRO RODRIGUEZ TINAJERO / VICTOR ALFARO,19/09/2026,01:34,Sí,19/09/2026,04:46,19/09/2026,01:36,3,0.05,190,3.17,0,3.22,NO,19/09/2026,05:12,RODRIGO ALEJANDRO RODRIGUEZ TINAJERO,Se retiran contactos y lámparas de emergencia y plagas. ,Se retiran conexiones eléctricas y contactos también lámpara de emergencia y lámpara para insectos  ,SIN REFACCIONES x1,3°,,Solicitado @ 2026-09-19 01:33 → Asignado (ALEJANDRO RODRIGUEZ TINAJERO/VICTOR ALFARO) @ 2026-09-19 01:34 → Confirmado en sitio (ALEJANDRO RODRIGUEZ TINAJERO/VICTOR ALFARO) @ 2026-09-19 01:36 → Cerrado @ 2026-09-19 04:46 → Liberado por RODRIGO ALEJANDRO RODRIGUEZ TINAJERO @ 2026-09-19 05:12
62,Liberado,19/09/2026,Sábado,38,Septiembre,BOLSEO,G,Angel carcamo,14:00,Alta,NO APLICA,CORRECTIVO,NO APLICA,JORGE VEGA,JORGE VEGA,22/09/2026,09:14,Sí,22/09/2026,09:16,22/09/2026,09:15,4035,67.25,1,0.02,0,67.27,NO APLICA,22/09/2026,09:48,RODRIGO ALEJANDRO RODRIGUEZ TINAJERO,Placa del agua sigue teniendo fuga,Prueba,SIN REFACCIONES x1,1°,,Solicitado @ 2026-09-19 14:00 → Asignado (JORGE VEGA) @ 2026-09-21 07:51 → Asignación cancelada @ 2026-09-22 07:48 → Asignado (JORGE VEGA) @ 2026-09-22 09:14 → Confirmado en sitio (JORGE VEGA) @ 2026-09-22 09:15 → Cerrado @ 2026-09-22 09:16 → Liberado por RODRIGO ALEJANDRO RODRIGUEZ TINAJERO @ 2026-09-22 09:48
63,Liberado,20/09/2026,Domingo,38,Septiembre,IMPRESION,F4-3,JUAN JOSE GONZALEZ LARA,22:33,Alta,ELECTRICO,CORRECTIVO,SI,MIGUEL XOLALPA / FAUSTINO SOLIS,MIGUEL XOLALPA / FAUSTINO SOLIS,20/09/2026,22:44,Sí,20/09/2026,23:23,20/09/2026,22:42,9,0.15,41,0.68,0,0.83,SI,21/09/2026,07:41,EFREN BUENDIA HERNANDEZ,Fallo en comunicación ,Se limpian conectores ethernet y se restablecen variadores ,SIN REFACCIONES x1,3°,,Solicitado @ 2026-09-20 22:33 → Asignado (MIGUEL XOLALPA/FAUSTINO SOLIS) @ 2026-09-20 22:44 → Confirmado en sitio (MIGUEL XOLALPA/FAUSTINO SOLIS) @ 2026-09-20 22:42 → Cerrado @ 2026-09-20 23:23 → Liberado por EFREN BUENDIA HERNANDEZ @ 2026-09-21 07:41
64,Liberado,21/09/2026,Lunes,39,Septiembre,BOLSEO,C,RODRIGO ALEJANDRO RODRIGUEZ TINAJERO,07:49,Alta,ELECTRICO,CORRECTIVO,SI,ALEJANDRO RODRIGUEZ TINAJERO,ALEJANDRO RODRIGUEZ TINAJERO,21/09/2026,07:54,Sí,21/09/2026,10:12,21/09/2026,07:54,5,0.08,138,2.3,0,2.38,SI,21/09/2026,10:51,RODRIGO ALEJANDRO RODRIGUEZ TINAJERO,Falla Temperatura ,Se cambia Resistencia dañada ,SIN REFACCIONES x1,1°,,Solicitado @ 2026-09-21 07:49 → Asignado (ALEJANDRO RODRIGUEZ TINAJERO) @ 2026-09-21 07:54 → Confirmado en sitio (ALEJANDRO RODRIGUEZ TINAJERO) @ 2026-09-21 07:54 → Cerrado @ 2026-09-21 10:12 → Liberado por RODRIGO ALEJANDRO RODRIGUEZ TINAJERO @ 2026-09-21 10:51
65,Liberado,21/09/2026,Lunes,39,Septiembre,IMPRESION,F4-1,RODRIGO ALEJANDRO RODRIGUEZ TINAJERO,08:07,Alta,ELECTRICO,CORRECTIVO,SI,VICTOR ALFARO,VICTOR ALFARO,21/09/2026,08:07,Sí,21/09/2026,10:50,21/09/2026,08:08,1,0.02,162,2.7,0,2.72,SI,21/09/2026,10:51,RODRIGO ALEJANDRO RODRIGUEZ TINAJERO,No arranca Máquina ,Se hace limpieza de cables de conectores ethernet y de conectores de variadores ,SIN REFACCIONES x1,1°,,Solicitado @ 2026-09-21 08:07 → Asignado (VICTOR ALFARO) @ 2026-09-21 08:07 → Confirmado en sitio (VICTOR ALFARO) @ 2026-09-21 08:08 → Cerrado @ 2026-09-21 10:50 → Liberado por RODRIGO ALEJANDRO RODRIGUEZ TINAJERO @ 2026-09-21 10:51
66,Liberado,21/09/2026,Lunes,39,Septiembre,IMPRESION,F2-1,RODRIGO ALEJANDRO RODRIGUEZ TINAJERO,08:19,Alta,MECANICO,CORRECTIVO,SI,CASTRO MENDOZA PAMELA YOSELIN,CASTRO MENDOZA PAMELA YOSELIN,21/09/2026,08:20,Sí,21/09/2026,11:18,21/09/2026,08:21,2,0.03,177,2.95,0,2.98,NO,21/09/2026,11:22,RODRIGO ALEJANDRO RODRIGUEZ TINAJERO,Falla Flecha  de rodillo,Se revisa Flecha de rodillo.  Se intenta cambiar cámara pero.se mandara a reparar queda pendiente ,SIN REFACCIONES x1,1°,,Solicitado @ 2026-09-21 08:19 → Asignado (CASTRO MENDOZA PAMELA YOSELIN) @ 2026-09-21 08:20 → Confirmado en sitio (CASTRO MENDOZA PAMELA YOSELIN) @ 2026-09-21 08:21 → Cerrado @ 2026-09-21 11:18 → Liberado por RODRIGO ALEJANDRO RODRIGUEZ TINAJERO @ 2026-09-21 11:22
67,Liberado,21/09/2026,Lunes,39,Septiembre,BOLSEO,D,OSCAR SANCHEZ BAUTISTA,08:40,Alta,NO APLICA,CORRECTIVO,NO APLICA,JORGE VEGA,JORGE VEGA,22/09/2026,09:13,Sí,22/09/2026,09:19,22/09/2026,09:16,1476,24.6,3,0.05,0,24.65,NO APLICA,22/09/2026,09:48,RODRIGO ALEJANDRO RODRIGUEZ TINAJERO,COLOCAR PLACA DE AGUA,Prueba,SIN REFACCIONES x1,1°,,Solicitado @ 2026-09-21 08:40 → Asignado (JORGE VEGA) @ 2026-09-22 09:13 → Confirmado en sitio (JORGE VEGA) @ 2026-09-22 09:16 → Cerrado @ 2026-09-22 09:19 → Liberado por RODRIGO ALEJANDRO RODRIGUEZ TINAJERO @ 2026-09-22 09:48
68,Liberado,21/09/2026,Lunes,39,Septiembre,POUCH,TOTANI 2,RODRIGO ALEJANDRO RODRIGUEZ TINAJERO,10:13,Alta,ELECTRICO,CORRECTIVO,SI,ROBERTO BADILLO / ALEJANDRO RODRIGUEZ TINAJERO,ROBERTO BADILLO / ALEJANDRO RODRIGUEZ TINAJERO,21/09/2026,10:15,Sí,21/09/2026,11:22,21/09/2026,10:15,2,0.03,67,1.12,0,1.15,SI,21/09/2026,11:22,RODRIGO ALEJANDRO RODRIGUEZ TINAJERO,Falla estatica,Se cambia fuente de estática se deja trabajando ,SIN REFACCIONES x1,1°,,Solicitado @ 2026-09-21 10:13 → Asignado (ROBERTO BADILLO/ALEJANDRO RODRIGUEZ TINAJERO) @ 2026-09-21 10:15 → Confirmado en sitio (ROBERTO BADILLO/ALEJANDRO RODRIGUEZ TINAJERO) @ 2026-09-21 10:15 → Cerrado @ 2026-09-21 11:22 → Liberado por RODRIGO ALEJANDRO RODRIGUEZ TINAJERO @ 2026-09-21 11:22
69,Liberado,21/09/2026,Lunes,39,Septiembre,POUCH,TOTANI 3,DIEGO ANDRES RESENDIZ CASTILLO,11:15,Alta,MECANICO,CORRECTIVO,SI,CASTRO MENDOZA PAMELA YOSELIN / ROBERTO BADILLO,ROBERTO BADILLO / CASTRO MENDOZA PAMELA YOSELIN,21/09/2026,11:23,Sí,21/09/2026,15:09,21/09/2026,11:23,8,0.13,226,3.77,0,3.9,SI,21/09/2026,15:11,RODRIGO ALEJANDRO RODRIGUEZ TINAJERO,FALLA DEL PISTON DE BALANCIN TRASERO ,Se cambian baleros del bailarín. Se vuelve a armar el módulo ,SIN REFACCIONES x1,1°,,Solicitado @ 2026-09-21 11:15 → Asignado (CASTRO MENDOZA PAMELA YOSELIN) @ 2026-09-21 11:20 → Asignación cancelada @ 2026-09-21 11:23 → Asignado (ROBERTO BADILLO/CASTRO MENDOZA PAMELA YOSELIN) @ 2026-09-21 11:23 → Confirmado en sitio (ROBERTO BADILLO/CASTRO MENDOZA PAMELA YOSELIN) @ 2026-09-21 11:23 → Cerrado @ 2026-09-21 15:09 → Liberado por RODRIGO ALEJANDRO RODRIGUEZ TINAJERO @ 2026-09-21 15:11
70,Liberado,21/09/2026,Lunes,39,Septiembre,POUCH,TOTANI 7,DIEGO ANDRES RESENDIZ CASTILLO,12:26,Alta,NO APLICA,CORRECTIVO,NO APLICA,JORGE VEGA,JORGE VEGA,22/09/2026,13:05,Sí,22/09/2026,13:05,22/09/2026,13:05,1479,24.65,0,0,0,24.65,NO APLICA,22/09/2026,13:06,EFREN BUENDIA HERNANDEZ,SE CAE TORNILLO DEL PISTON  DE LA CUCHILLA LO QUE PROBOCA QUE LA MISMA NO CORTE ,Prueba,SIN REFACCIONES x1,1°,,Solicitado @ 2026-09-21 12:26 → Asignado (JORGE VEGA) @ 2026-09-22 13:05 → Confirmado en sitio (JORGE VEGA) @ 2026-09-22 13:05 → Cerrado @ 2026-09-22 13:05 → Liberado por EFREN BUENDIA HERNANDEZ @ 2026-09-22 13:06
71,Liberado,21/09/2026,Lunes,39,Septiembre,BOLSEO,SDAI 15,JOSUE VARGAS CORREA,15:58,Alta,NO APLICA,CORRECTIVO,NO APLICA,JORGE VEGA,JORGE VEGA,22/09/2026,13:02,Sí,22/09/2026,13:04,22/09/2026,13:03,1265,21.08,1,0.02,0,21.1,NO APLICA,22/09/2026,13:06,EFREN BUENDIA HERNANDEZ,CAMBIO DE PLACA POR DESGASTE,Prueba,SIN REFACCIONES x1,1°,,Solicitado @ 2026-09-21 15:58 → Asignado (JORGE VEGA) @ 2026-09-22 13:02 → Confirmado en sitio (JORGE VEGA) @ 2026-09-22 13:03 → Cerrado @ 2026-09-22 13:04 → Liberado por EFREN BUENDIA HERNANDEZ @ 2026-09-22 13:06
72,Liberado,21/09/2026,Lunes,39,Septiembre,BOLSEO,SDAI 4,CARLOS SANCHEZ DE JESUS,18:21,Moderada,NEUMATICO,CORRECTIVO,SI,MIGUEL XOLALPA,MIGUEL XOLALPA,21/09/2026,18:35,Sí,21/09/2026,20:18,21/09/2026,18:37,16,0.27,101,1.68,0,1.95,SI,22/09/2026,07:50,EFREN BUENDIA HERNANDEZ,se daña termopack y tiene fuga de aire en válvula ,Se reemplaza unidad de aire y termopar dañado ,Regulador de aire 180pSi FESTO x1 / Termopar tipo J cabeza de zapata x1,2°,,Solicitado @ 2026-09-21 18:21 → Asignado (MIGUEL XOLALPA) @ 2026-09-21 18:35 → Confirmado en sitio (MIGUEL XOLALPA) @ 2026-09-21 18:37 → Cerrado @ 2026-09-21 20:18 → Liberado por EFREN BUENDIA HERNANDEZ @ 2026-09-22 07:50
73,Liberado,22/09/2026,Martes,39,Septiembre,IMPRESION,FJ-2,GUSTAVO HERRERA GUEVARA,05:21,Alta,ELECTRICO,CORRECTIVO,SI,OSCAR PUENTE AYALA,OSCAR PUENTE AYALA,22/09/2026,05:36,Sí,22/09/2026,06:02,22/09/2026,05:37,16,0.27,25,0.42,0,0.69,SI,22/09/2026,07:50,EFREN BUENDIA HERNANDEZ,"Pantalla pasmada con velocidad , pero está parada ",Se realiza limpieza en ventiladores de pc ,SIN REFACCIONES x1,3°,Maquina funcionando ,Solicitado @ 2026-09-22 05:21 → Asignado (OSCAR PUENTE AYALA) @ 2026-09-22 05:36 → Confirmado en sitio (OSCAR PUENTE AYALA) @ 2026-09-22 05:37 → Cerrado @ 2026-09-22 06:02 → Liberado por EFREN BUENDIA HERNANDEZ @ 2026-09-22 07:50
74,Liberado,22/09/2026,Martes,39,Septiembre,BOLSEO,H,BARBARA ELEN RAMOS CORONA,07:44,Alta,MECANICO,CORRECTIVO,SI,ROBERTO BADILLO / CASTRO MENDOZA PAMELA YOSELIN,ROBERTO BADILLO / CASTRO MENDOZA PAMELA YOSELIN,22/09/2026,08:06,Sí,22/09/2026,09:15,22/09/2026,08:10,26,0.43,65,1.08,0,1.51,SI,22/09/2026,09:21,RODRIGO ALEJANDRO RODRIGUEZ TINAJERO,CAMBIO DE BANDAS ARRASTRADORAS,Se cambian. Bandas nuevas ,SIN REFACCIONES x1,1°,,Solicitado @ 2026-09-22 07:44 → Asignado (ROBERTO BADILLO/CASTRO MENDOZA PAMELA YOSELIN) @ 2026-09-22 08:06 → Confirmado en sitio (ROBERTO BADILLO/CASTRO MENDOZA PAMELA YOSELIN) @ 2026-09-22 08:10 → Cerrado @ 2026-09-22 09:15 → Liberado por RODRIGO ALEJANDRO RODRIGUEZ TINAJERO @ 2026-09-22 09:21
75,Liberado,22/09/2026,Martes,39,Septiembre,POUCH,NO APLICA,RODRIGO ALEJANDRO RODRIGUEZ TINAJERO,09:24,Alta,MECANICO,CORRECTIVO,SI,ROBERTO BADILLO / CASTRO MENDOZA PAMELA YOSELIN,ROBERTO BADILLO / CASTRO MENDOZA PAMELA YOSELIN,22/09/2026,09:24,Sí,22/09/2026,10:30,22/09/2026,09:25,1,0.02,39,0.65,26,0.67,NO,22/09/2026,10:35,RODRIGO ALEJANDRO RODRIGUEZ TINAJERO,Falla Troquele,Se repara Base para soporte de la báscula ,SIN REFACCIONES x1,1°,,Solicitado @ 2026-09-22 09:24 → Asignado (ROBERTO BADILLO/CASTRO MENDOZA PAMELA YOSELIN) @ 2026-09-22 09:24 → Confirmado en sitio (ROBERTO BADILLO/CASTRO MENDOZA PAMELA YOSELIN) @ 2026-09-22 09:25 → Pausado @ 2026-09-22 10:03 → Reanudado (ROBERTO BADILLO/CASTRO MENDOZA PAMELA YOSELIN) @ 2026-09-22 10:29 → Cerrado @ 2026-09-22 10:30 → Liberado por RODRIGO ALEJANDRO RODRIGUEZ TINAJERO @ 2026-09-22 10:35
76,Liberado,22/09/2026,Martes,39,Septiembre,GENERAL,NO APLICA,RODRIGO ALEJANDRO RODRIGUEZ TINAJERO,10:37,Alta,MECANICO,CORRECTIVO,NO,ROBERTO BADILLO / MAURICIO SANTES / FAUSTINO SOLIS,ROBERTO BADILLO / MAURICIO SANTES,22/09/2026,10:37,Sí,22/09/2026,15:58,22/09/2026,10:53,16,0.27,305,5.08,0,5.35,NO,23/09/2026,07:33,EFREN BUENDIA HERNANDEZ,"Problema de cortina principal 
Área bodega. Nueva 
","Se hacen las correcciones en la cortina principal se .restauran soportes y se habilita
Con nueva estructura queda pendiente terminarla",SIN REFACCIONES x1,1°,,Solicitado @ 2026-09-22 10:37 → Asignado (ROBERTO BADILLO/MAURICIO SANTES) @ 2026-09-22 10:37 → Confirmado en sitio (ROBERTO BADILLO/MAURICIO SANTES) @ 2026-09-22 10:53 → Técnico agregado (FAUSTINO SOLIS) @ 2026-09-22 15:38 → Se retiró (FAUSTINO SOLIS) @ 2026-09-22 15:42 → Cerrado @ 2026-09-22 15:58 → Liberado por EFREN BUENDIA HERNANDEZ @ 2026-09-23 07:33
77,Liberado,22/09/2026,Martes,39,Septiembre,IMPRESION,F2-3,RODRIGO ALEJANDRO RODRIGUEZ TINAJERO,10:41,Alta,ELECTRICO,CORRECTIVO,SI,ALEJANDRO RODRIGUEZ TINAJERO,ALEJANDRO RODRIGUEZ TINAJERO,22/09/2026,10:42,Sí,22/09/2026,11:52,22/09/2026,10:42,1,0.02,70,1.17,0,1.19,SI,22/09/2026,11:53,RODRIGO ALEJANDRO RODRIGUEZ TINAJERO,Mantenimiento a conexiones de motores,Se hace limpieza de variadores y conexiones de motores.  En gabinete principal y cuerpo impresor ,SIN REFACCIONES x1,1°,,Solicitado @ 2026-09-22 10:41 → Asignado (ALEJANDRO RODRIGUEZ TINAJERO) @ 2026-09-22 10:42 → Confirmado en sitio (ALEJANDRO RODRIGUEZ TINAJERO) @ 2026-09-22 10:42 → Cerrado @ 2026-09-22 11:52 → Liberado por RODRIGO ALEJANDRO RODRIGUEZ TINAJERO @ 2026-09-22 11:53
78,Liberado,22/09/2026,Martes,39,Septiembre,BOLSEO,H,BARBARA ELEN RAMOS CORONA,11:01,Alta,ELECTRICO,CORRECTIVO,SI,VICTOR ALFARO / ALEJANDRO RODRIGUEZ TINAJERO,ALEJANDRO RODRIGUEZ TINAJERO,22/09/2026,13:49,Sí,22/09/2026,14:56,22/09/2026,13:50,169,2.82,66,1.1,0,3.92,SI,22/09/2026,14:57,RODRIGO ALEJANDRO RODRIGUEZ TINAJERO,Freno,Falla freno bailarín se revisa variador se repara y se calibra ,Fusible Americano Bajo AMP .5-1-1.5-2 x1 / Apagador de 1 polo 1 tiro 2 Patitas x1,1°,,Solicitado @ 2026-09-22 11:01 → Asignado (VICTOR ALFARO) @ 2026-09-22 11:32 → Asignación cancelada @ 2026-09-22 13:49 → Asignado (ALEJANDRO RODRIGUEZ TINAJERO) @ 2026-09-22 13:49 → Confirmado en sitio (ALEJANDRO RODRIGUEZ TINAJERO) @ 2026-09-22 13:50 → Cerrado @ 2026-09-22 14:56 → Liberado por RODRIGO ALEJANDRO RODRIGUEZ TINAJERO @ 2026-09-22 14:57
79,Liberado,22/09/2026,Martes,39,Septiembre,BOLSEO,SDAI 4,LUIS GERARDO CASTRO REYES,14:43,Moderada,MECANICO,CORRECTIVO,SI,LUIS GERARDO HORTA / MIGUEL XOLALPA / FAUSTINO SOLIS,LUIS GERARDO HORTA / FAUSTINO SOLIS,22/09/2026,15:01,Sí,22/09/2026,16:50,22/09/2026,15:08,25,0.42,102,1.7,0,2.12,SI,23/09/2026,07:32,EFREN BUENDIA HERNANDEZ,"se daña disco de pespunte , se solicita cambió ","Se reemplaza disco de despunte, no se cuenta en almacén con su reemplazo por lo que se quita el de maquina s7 que no se encontraba en uso y se coloca en maquina s4",SIN REFACCIONES x1,2°,,Solicitado @ 2026-09-22 14:43 → Asignado (LUIS GERARDO HORTA/MIGUEL XOLALPA) @ 2026-09-22 15:01 → Confirmado en sitio (LUIS GERARDO HORTA/MIGUEL XOLALPA) @ 2026-09-22 15:08 → Técnico agregado (FAUSTINO SOLIS) @ 2026-09-22 15:42 → Se retiró (MIGUEL XOLALPA) @ 2026-09-22 16:21 → Cerrado @ 2026-09-22 16:50 → Liberado por EFREN BUENDIA HERNANDEZ @ 2026-09-23 07:32
80,Liberado,22/09/2026,Martes,39,Septiembre,BOLSEO,C,JOSE JOAQUIN BERNAL EVARISTO,16:11,Moderada,ELECTRICO,CORRECTIVO,SI,MIGUEL XOLALPA / EDUARDO LOREDO,MIGUEL XOLALPA / EDUARDO LOREDO,22/09/2026,16:21,Sí,22/09/2026,16:51,22/09/2026,16:23,12,0.2,28,0.47,0,0.67,NO,23/09/2026,07:32,EFREN BUENDIA HERNANDEZ,Paro de bandas ,Se revisa arranque de bandas transportadoras encontrando variador alarmado ,SIN REFACCIONES x1,2°,,Solicitado @ 2026-09-22 16:11 → Asignado (MIGUEL XOLALPA/EDUARDO LOREDO) @ 2026-09-22 16:21 → Confirmado en sitio (MIGUEL XOLALPA/EDUARDO LOREDO) @ 2026-09-22 16:23 → Cerrado @ 2026-09-22 16:51 → Liberado por EFREN BUENDIA HERNANDEZ @ 2026-09-23 07:32
81,Liberado,22/09/2026,Martes,39,Septiembre,IMPRESION,F2-1,JORGE ADRIAN VEGA BARON,17:51,Moderada,MECANICO,CORRECTIVO,NO,LUIS GERARDO HORTA / MIGUEL XOLALPA / FAUSTINO SOLIS,LUIS GERARDO HORTA / MIGUEL XOLALPA / FAUSTINO SOLIS,22/09/2026,17:51,Sí,22/09/2026,21:04,22/09/2026,17:52,1,0.02,192,3.2,0,3.22,NO,23/09/2026,07:31,EFREN BUENDIA HERNANDEZ,Colocar rodillos faltantes en túnel de secaje ,Se colocan rodillos faltantes en túnel de secaje,SIN REFACCIONES x1,2°,Se colocan en momentos muertos por cambio o momentos de entonar tinta,Solicitado @ 2026-09-22 17:51 → Asignado (LUIS GERARDO HORTA/MIGUEL XOLALPA/FAUSTINO SOLIS) @ 2026-09-22 17:51 → Confirmado en sitio (LUIS GERARDO HORTA/MIGUEL XOLALPA/FAUSTINO SOLIS) @ 2026-09-22 17:52 → Cerrado @ 2026-09-22 21:04 → Liberado por EFREN BUENDIA HERNANDEZ @ 2026-09-23 07:31
82,Liberado,22/09/2026,Martes,39,Septiembre,BOLSEO,SDAI 15,JOSUE VARGAS CORREA,19:11,Alta,NO APLICA,CORRECTIVO,NO APLICA,JORGE VEGA,JORGE VEGA,23/09/2026,07:34,Sí,23/09/2026,07:35,23/09/2026,07:35,744,12.4,0,0,0,12.4,NO APLICA,23/09/2026,07:36,EFREN BUENDIA HERNANDEZ,CAMBIO DE BANDA DE RODILLOS,Prueba,SIN REFACCIONES x1,1°,,Solicitado @ 2026-09-22 19:11 → Asignado (JORGE VEGA) @ 2026-09-23 07:34 → Confirmado en sitio (JORGE VEGA) @ 2026-09-23 07:35 → Cerrado @ 2026-09-23 07:35 → Liberado por EFREN BUENDIA HERNANDEZ @ 2026-09-23 07:36
83,Liberado,22/09/2026,Martes,39,Septiembre,BOLSEO,CONTEC,JESUS ALEJANDRO DANIEL CEJA MORENO,21:28,Alta,NO APLICA,CORRECTIVO,NO APLICA,JORGE VEGA,JORGE VEGA,23/09/2026,07:33,Sí,23/09/2026,07:34,23/09/2026,07:34,606,10.1,0,0,0,10.1,NO APLICA,23/09/2026,07:35,EFREN BUENDIA HERNANDEZ,se solicita cambio de balero de rodillo de goma principal ,Prueba,SIN REFACCIONES x1,1°,,Solicitado @ 2026-09-22 21:28 → Asignado (JORGE VEGA) @ 2026-09-23 07:33 → Confirmado en sitio (JORGE VEGA) @ 2026-09-23 07:34 → Cerrado @ 2026-09-23 07:34 → Liberado por EFREN BUENDIA HERNANDEZ @ 2026-09-23 07:35
84,Liberado,22/09/2026,Martes,39,Septiembre,BOLSEO,G,LUIS ADRIAN CARCAMO SOSA,22:51,Alta,NO APLICA,CORRECTIVO,NO APLICA,JORGE VEGA,JORGE VEGA,23/09/2026,07:27,Sí,23/09/2026,07:31,23/09/2026,07:30,519,8.65,1,0.02,0,8.67,NO APLICA,23/09/2026,07:32,EFREN BUENDIA HERNANDEZ,Se paran las ruedas de salida del material ,Prueba,SIN REFACCIONES x1,1°,,Solicitado @ 2026-09-22 22:51 → Asignado (JORGE VEGA) @ 2026-09-23 07:27 → Confirmado en sitio (JORGE VEGA) @ 2026-09-23 07:30 → Cerrado @ 2026-09-23 07:31 → Liberado por EFREN BUENDIA HERNANDEZ @ 2026-09-23 07:32
85,Liberado,23/09/2026,Miércoles,39,Septiembre,BOLSEO,G,RODRIGO ALEJANDRO RODRIGUEZ TINAJERO,07:37,Alta,ELECTRICO,CORRECTIVO,SI,ROBERTO BADILLO / ALEJANDRO RODRIGUEZ TINAJERO,ROBERTO BADILLO / ALEJANDRO RODRIGUEZ TINAJERO,23/09/2026,07:37,Sí,23/09/2026,08:42,23/09/2026,07:38,1,0.02,64,1.07,0,1.09,SI,23/09/2026,08:43,RODRIGO ALEJANDRO RODRIGUEZ TINAJERO,No arranca Maquina ,"Se reparan cables de alimentación 
En el circuito de control de paro 
Se habilta control de rueditas ",SIN REFACCIONES x1,1°,,Solicitado @ 2026-09-23 07:37 → Asignado (ROBERTO BADILLO/ALEJANDRO RODRIGUEZ TINAJERO) @ 2026-09-23 07:37 → Confirmado en sitio (ROBERTO BADILLO/ALEJANDRO RODRIGUEZ TINAJERO) @ 2026-09-23 07:38 → Cerrado @ 2026-09-23 08:42 → Liberado por RODRIGO ALEJANDRO RODRIGUEZ TINAJERO @ 2026-09-23 08:43
86,Liberado,23/09/2026,Miércoles,39,Septiembre,IMPRESION,F2-2,RODRIGO ALEJANDRO RODRIGUEZ TINAJERO,08:04,Alta,MECANICO,CORRECTIVO,SI,VICTOR ALFARO / MAURICIO SANTES,VICTOR ALFARO / MAURICIO SANTES,23/09/2026,08:05,Sí,23/09/2026,09:18,23/09/2026,08:05,1,0.02,73,1.22,0,1.24,SI,23/09/2026,09:19,RODRIGO ALEJANDRO RODRIGUEZ TINAJERO,Lámpara  Gabinete roto ,Se repara y se coloca en su lugar la lámpara y el gabinete se ancla también ,SIN REFACCIONES x1 / SIN REFACCIONES x1,1°,,Solicitado @ 2026-09-23 08:04 → Asignado (VICTOR ALFARO/MAURICIO SANTES) @ 2026-09-23 08:05 → Confirmado en sitio (VICTOR ALFARO/MAURICIO SANTES) @ 2026-09-23 08:05 → Cerrado @ 2026-09-23 09:18 → Liberado por RODRIGO ALEJANDRO RODRIGUEZ TINAJERO @ 2026-09-23 09:19
87,Liberado,23/09/2026,Miércoles,39,Septiembre,GENERAL,NO APLICA,RODRIGO ALEJANDRO RODRIGUEZ TINAJERO,08:30,Alta,MECANICO,CORRECTIVO,SI,CASTRO MENDOZA PAMELA YOSELIN / ROBERTO BADILLO,ROBERTO BADILLO,23/09/2026,08:30,Sí,23/09/2026,14:52,23/09/2026,08:33,3,0.05,379,6.32,0,6.37,NO,23/09/2026,14:52,RODRIGO ALEJANDRO RODRIGUEZ TINAJERO,Falla compactadora,Se repara pistón se solda y se cambian retenes.   ,SIN REFACCIONES x1,1°,,Solicitado @ 2026-09-23 08:30 → Asignado (CASTRO MENDOZA PAMELA YOSELIN) @ 2026-09-23 08:30 → Confirmado en sitio (CASTRO MENDOZA PAMELA YOSELIN) @ 2026-09-23 08:33 → Técnico agregado (ROBERTO BADILLO) @ 2026-09-23 08:43 → Se retiró (CASTRO MENDOZA PAMELA YOSELIN) @ 2026-09-23 12:37 → Cerrado @ 2026-09-23 14:52 → Liberado por RODRIGO ALEJANDRO RODRIGUEZ TINAJERO @ 2026-09-23 14:52
88,Liberado,23/09/2026,Miércoles,39,Septiembre,EMBARQUES,TOTANI 1,RODRIGO ALEJANDRO RODRIGUEZ TINAJERO,09:20,Alta,ELECTRICO,CORRECTIVO,NO,VICTOR ALFARO / MAURICIO SANTES,VICTOR ALFARO / MAURICIO SANTES,23/09/2026,09:21,Sí,23/09/2026,09:54,23/09/2026,09:23,3,0.05,31,0.52,0,0.57,NO,23/09/2026,09:55,RODRIGO ALEJANDRO RODRIGUEZ TINAJERO,Falla Lámpara acceso principal ,Se cambia Lámpara dañada se arreglan cables de alimentación ,SIN REFACCIONES x1,1°,,Solicitado @ 2026-09-23 09:20 → Asignado (VICTOR ALFARO/MAURICIO SANTES) @ 2026-09-23 09:21 → Confirmado en sitio (VICTOR ALFARO/MAURICIO SANTES) @ 2026-09-23 09:23 → Cerrado @ 2026-09-23 09:54 → Liberado por RODRIGO ALEJANDRO RODRIGUEZ TINAJERO @ 2026-09-23 09:55
89,Liberado,23/09/2026,Miércoles,39,Septiembre,IMPRESION,F4-3,RODRIGO ALEJANDRO RODRIGUEZ TINAJERO,09:57,Alta,ELECTRICO,CORRECTIVO,SI,VICTOR ALFARO / EDUARDO LOREDO / MAURICIO SANTES,VICTOR ALFARO / EDUARDO LOREDO / MAURICIO SANTES,23/09/2026,09:57,Sí,23/09/2026,12:06,23/09/2026,10:05,8,0.13,121,2.02,0,2.15,SI,23/09/2026,12:07,VICTOR HUGO NEYRA FLORES,Falla bomba tinta unidad 8,Se hace.limpieza general de lo ventiladores de variadores. Se hace limpieza de conectores de cables ethernet y cables de encoder ,SIN REFACCIONES x1,1°,,Solicitado @ 2026-09-23 09:57 → Asignado (VICTOR ALFARO) @ 2026-09-23 09:57 → Confirmado en sitio (VICTOR ALFARO) @ 2026-09-23 10:05 → Técnico agregado (EDUARDO LOREDO/MAURICIO SANTES) @ 2026-09-23 10:14 → Cerrado @ 2026-09-23 12:06 → Liberado por VICTOR HUGO NEYRA FLORES @ 2026-09-23 12:07
90,Liberado,23/09/2026,Miércoles,39,Septiembre,POUCH,TOTANI 1,RODRIGO ALEJANDRO RODRIGUEZ TINAJERO,10:01,Alta,ELECTRICO,CORRECTIVO,NO,ALEJANDRO RODRIGUEZ TINAJERO,ALEJANDRO RODRIGUEZ TINAJERO,23/09/2026,10:02,Sí,23/09/2026,12:04,23/09/2026,10:02,1,0.02,122,2.03,0,2.05,NO,23/09/2026,12:05,RODRIGO ALEJANDRO RODRIGUEZ TINAJERO,Embobinador. Tiene estática no descarga,Se repara aislamiento de embobinador de tira se coloca cablea tierra y se calibra velocidad se cambia potenciómetro ,SIN REFACCIONES x1,1°,,Solicitado @ 2026-09-23 10:01 → Asignado (ALEJANDRO RODRIGUEZ TINAJERO) @ 2026-09-23 10:02 → Confirmado en sitio (ALEJANDRO RODRIGUEZ TINAJERO) @ 2026-09-23 10:02 → Cerrado @ 2026-09-23 12:04 → Liberado por RODRIGO ALEJANDRO RODRIGUEZ TINAJERO @ 2026-09-23 12:05
91,Liberado,23/09/2026,Miércoles,39,Septiembre,IMPRESION,F4-1,RODRIGO ALEJANDRO RODRIGUEZ TINAJERO,12:08,Alta,NEUMATICO,CORRECTIVO,SI,ALEJANDRO RODRIGUEZ TINAJERO / EDUARDO LOREDO / VICTOR ALFARO,ALEJANDRO RODRIGUEZ TINAJERO / EDUARDO LOREDO / VICTOR ALFARO,23/09/2026,12:09,Sí,23/09/2026,15:24,23/09/2026,12:09,1,0.02,195,3.25,0,3.27,SI,23/09/2026,15:25,RODRIGO ALEJANDRO RODRIGUEZ TINAJERO,Falla unidad Pc5 fuga de aire no deja sacar manga ,Se cambian juntas toricas  se cambian retenes y se lubrican baleros y limpieza del módulo portacliche. Y se vuelve a colocar ,SIN REFACCIONES x1,1°,,Solicitado @ 2026-09-23 12:08 → Asignado (ALEJANDRO RODRIGUEZ TINAJERO/EDUARDO LOREDO/VICTOR ALFARO) @ 2026-09-23 12:09 → Confirmado en sitio (ALEJANDRO RODRIGUEZ TINAJERO/EDUARDO LOREDO/VICTOR ALFARO) @ 2026-09-23 12:09 → Cerrado @ 2026-09-23 15:24 → Liberado por RODRIGO ALEJANDRO RODRIGUEZ TINAJERO @ 2026-09-23 15:25
92,Liberado,23/09/2026,Miércoles,39,Septiembre,BOLSEO,SDAI 2,MANUEL EDUARDO ORDAZ FLORES,12:18,Alta,MECANICO,CORRECTIVO,SI,MAURICIO SANTES,MAURICIO SANTES,23/09/2026,12:42,Sí,23/09/2026,15:29,23/09/2026,12:42,24,0.4,167,2.78,0,3.18,SI,23/09/2026,15:34,RODRIGO ALEJANDRO RODRIGUEZ TINAJERO,Cambio de pespunte,Se cambia pespunte. Se cambian tornillos nuevos.   Se coloca nuevo y se hacen pruebas ,SIN REFACCIONES x1,1°,,Solicitado @ 2026-09-23 12:18 → Asignado (MAURICIO SANTES) @ 2026-09-23 12:42 → Confirmado en sitio (MAURICIO SANTES) @ 2026-09-23 12:42 → Cerrado @ 2026-09-23 15:29 → Liberado por RODRIGO ALEJANDRO RODRIGUEZ TINAJERO @ 2026-09-23 15:34
93,Liberado,23/09/2026,Miércoles,39,Septiembre,REFINADO,NO APLICA,MIGUEL ANGEL XOLALPA MANCERA,17:00,Moderada,MECANICO,CORRECTIVO,NO APLICA,LUIS GERARDO HORTA / MIGUEL XOLALPA / FAUSTINO SOLIS,LUIS GERARDO HORTA / MIGUEL XOLALPA / FAUSTINO SOLIS,23/09/2026,17:00,Sí,23/09/2026,17:44,23/09/2026,17:00,0,0,44,0.73,0,0.73,SI,23/09/2026,18:11,MIGUEL ANGEL XOLALPA MANCERA,Patin para reparación en taller ,reparacion de patin,Soldadura x1,2°,,Solicitado @ 2026-09-23 17:00 → Asignado (LUIS GERARDO HORTA/MIGUEL XOLALPA/FAUSTINO SOLIS) @ 2026-09-23 17:00 → Confirmado en sitio (LUIS GERARDO HORTA/MIGUEL XOLALPA/FAUSTINO SOLIS) @ 2026-09-23 17:00 → Cerrado @ 2026-09-23 17:44 → Liberado por MIGUEL ANGEL XOLALPA MANCERA @ 2026-09-23 18:11
94,Liberado,23/09/2026,Miércoles,39,Septiembre,MANTENIMIENTO,NO APLICA,MIGUEL ANGEL XOLALPA MANCERA,18:31,Moderada,MECANICO,CORRECTIVO,NO APLICA,LUIS GERARDO HORTA / FAUSTINO SOLIS,LUIS GERARDO HORTA / FAUSTINO SOLIS,23/09/2026,18:32,Sí,23/09/2026,20:43,23/09/2026,18:30,,,133,2.22,0,,NO APLICA,23/09/2026,21:04,EFREN BUENDIA HERNANDEZ,Colocar soporte para pantalla informativa ,Sw coloca base de pantalla con pantalla ,SIN REFACCIONES x1,2°,,Solicitado @ 2026-09-23 18:31 → Asignado (LUIS GERARDO HORTA/FAUSTINO SOLIS) @ 2026-09-23 18:32 → Confirmado en sitio (LUIS GERARDO HORTA/FAUSTINO SOLIS) @ 2026-09-23 18:30 → Cerrado @ 2026-09-23 20:43 → Liberado por EFREN BUENDIA HERNANDEZ @ 2026-09-23 21:04
95,Liberado,23/09/2026,Miércoles,39,Septiembre,IMPRESION,F4-1,MIGUEL ANGEL XOLALPA MANCERA,18:41,Moderada,NO APLICA,CORRECTIVO,NO,MIGUEL XOLALPA,MIGUEL XOLALPA,23/09/2026,18:41,Sí,23/09/2026,19:38,23/09/2026,18:41,0,0,57,0.95,0,0.95,NO APLICA,23/09/2026,21:04,EFREN BUENDIA HERNANDEZ,Colocar hologramas ,Se colocan hologramas en conectores de encoder y tarjetas de Drivers,SIN REFACCIONES x1,2°,,Solicitado @ 2026-09-23 18:41 → Asignado (MIGUEL XOLALPA) @ 2026-09-23 18:41 → Confirmado en sitio (MIGUEL XOLALPA) @ 2026-09-23 18:41 → Cerrado @ 2026-09-23 19:38 → Liberado por EFREN BUENDIA HERNANDEZ @ 2026-09-23 21:04
96,Liberado,23/09/2026,Miércoles,39,Septiembre,BOLSEO,SDAI 15,MIGUEL ANGEL XOLALPA MANCERA,19:10,Alta,ELECTRICO,CORRECTIVO,SI,ISMAEL BERMUDEZ / ALEJANDRO RODRIGUEZ TINAJERO,ALEJANDRO RODRIGUEZ TINAJERO,23/09/2026,19:10,Sí,24/09/2026,11:28,23/09/2026,19:23,13,0.22,201,3.35,764,3.57,SI,24/09/2026,11:29,RODRIGO ALEJANDRO RODRIGUEZ TINAJERO,Falla en sistema de antiestatica ,Se cambia barra nueva de estatica tambien se cambia transformador se coloca y se hacen pruebas ,SIN REFACCIONES x1,1°,,Solicitado @ 2026-09-23 19:10 → Asignado (ISMAEL BERMUDEZ) @ 2026-09-23 19:10 → Confirmado en sitio (ISMAEL BERMUDEZ) @ 2026-09-23 19:23 → Pausado @ 2026-09-23 22:42 → Reanudado (ALEJANDRO RODRIGUEZ TINAJERO) @ 2026-09-24 11:26 → Cerrado @ 2026-09-24 11:28 → Liberado por RODRIGO ALEJANDRO RODRIGUEZ TINAJERO @ 2026-09-24 11:29
97,Liberado,23/09/2026,Miércoles,39,Septiembre,BOLSEO,SDAI 10,JULIANA GLORIA NICOLAS CRUZ,20:56,Moderada,MECANICO,CORRECTIVO,SI,MIGUEL XOLALPA / FAUSTINO SOLIS,FAUSTINO SOLIS,23/09/2026,21:06,Sí,23/09/2026,22:42,23/09/2026,21:06,10,0.17,96,1.6,0,1.77,SI,24/09/2026,06:36,EFREN BUENDIA HERNANDEZ,se rompe cadena de rodillo sellador ,Se coloca cadena de rodillos ,SIN REFACCIONES x1,2°,,Solicitado @ 2026-09-23 20:56 → Asignado (MIGUEL XOLALPA/FAUSTINO SOLIS) @ 2026-09-23 21:06 → Confirmado en sitio (MIGUEL XOLALPA/FAUSTINO SOLIS) @ 2026-09-23 21:06 → Se retiró (MIGUEL XOLALPA) @ 2026-09-23 21:12 → Cerrado @ 2026-09-23 22:42 → Liberado por EFREN BUENDIA HERNANDEZ @ 2026-09-24 06:36
98,Liberado,23/09/2026,Miércoles,39,Septiembre,BOLSEO,SDAI 12,MARCO ANTONIO ACOSTA ESPINOSA,21:00,Alta,ELECTRICO,CORRECTIVO,SI,MIGUEL XOLALPA / LUIS GERARDO HORTA / ALEJANDRO RODRIGUEZ TINAJERO,ALEJANDRO RODRIGUEZ TINAJERO,23/09/2026,21:12,Sí,24/09/2026,14:54,23/09/2026,21:13,13,0.22,90,1.5,971,1.72,SI,24/09/2026,14:55,RODRIGO ALEJANDRO RODRIGUEZ TINAJERO,"MAQUINA ALARMADA, SERVO MARCA ERROR",Se repara Máquina  Resistencia Nueva ,"SIN REFACCIONES x1 / Apagador de 1 polo 1 tiro 2 Patitas x1 / Adaptador de Aluminio para 5/8"" (SCA-58/112) x1",1°,,Solicitado @ 2026-09-23 21:00 → Asignado (MIGUEL XOLALPA) @ 2026-09-23 21:12 → Confirmado en sitio (MIGUEL XOLALPA) @ 2026-09-23 21:13 → Técnico agregado (LUIS GERARDO HORTA) @ 2026-09-23 21:38 → Pausado @ 2026-09-23 22:42 → Reanudado (ALEJANDRO RODRIGUEZ TINAJERO) @ 2026-09-24 14:53 → Cerrado @ 2026-09-24 14:54 → Liberado por RODRIGO ALEJANDRO RODRIGUEZ TINAJERO @ 2026-09-24 14:55
99,Liberado,24/09/2026,Jueves,39,Septiembre,POUCH,TOTANI 2,DIEGO ANDRES RESENDIZ CASTILLO,08:50,Alta,MECANICO,CORRECTIVO,NO,CASTRO MENDOZA PAMELA YOSELIN,CASTRO MENDOZA PAMELA YOSELIN,24/09/2026,09:15,Sí,24/09/2026,11:10,24/09/2026,09:16,26,0.43,114,1.9,0,2.33,NO,24/09/2026,11:11,RODRIGO ALEJANDRO RODRIGUEZ TINAJERO,FALLA DEL ENBOBINADOR DE TIRA  ,Se le cambia banda de motor y se coloca tornillo de polea ,SIN REFACCIONES x1,1°,,Solicitado @ 2026-09-24 08:50 → Asignado (CASTRO MENDOZA PAMELA YOSELIN) @ 2026-09-24 09:15 → Confirmado en sitio (CASTRO MENDOZA PAMELA YOSELIN) @ 2026-09-24 09:16 → Cerrado @ 2026-09-24 11:10 → Liberado por RODRIGO ALEJANDRO RODRIGUEZ TINAJERO @ 2026-09-24 11:11
100,Liberado,24/09/2026,Jueves,39,Septiembre,POUCH,TOTANI 3,DIEGO ANDRES RESENDIZ CASTILLO,08:53,Alta,ELECTRICO,CORRECTIVO,NO,ROBERTO BADILLO / ALEJANDRO RODRIGUEZ TINAJERO,ROBERTO BADILLO / ALEJANDRO RODRIGUEZ TINAJERO,24/09/2026,08:56,Sí,24/09/2026,11:18,24/09/2026,09:16,23,0.38,122,2.03,0,2.41,NO,24/09/2026,11:19,RODRIGO ALEJANDRO RODRIGUEZ TINAJERO,FALLA DEL ENBOBINADOR DE A TIRA DE LA  MAQUINA TOTANI 3,Se revisa se repara variador. Y se encuentra motor dañado se desmonta para su reparación queda pendiente ,SIN REFACCIONES x1,1°,,Solicitado @ 2026-09-24 08:53 → Asignado (ROBERTO BADILLO/ALEJANDRO RODRIGUEZ TINAJERO) @ 2026-09-24 08:56 → Confirmado en sitio (ROBERTO BADILLO/ALEJANDRO RODRIGUEZ TINAJERO) @ 2026-09-24 09:16 → Cerrado @ 2026-09-24 11:18 → Liberado por RODRIGO ALEJANDRO RODRIGUEZ TINAJERO @ 2026-09-24 11:19
101,Liberado,24/09/2026,Jueves,39,Septiembre,IMPRESION,F2-3,MIGUEL ANGEL GRANADOS TREJO,09:00,Alta,ELECTRONICO,CORRECTIVO,SI,VICTOR ALFARO / EDUARDO LOREDO,VICTOR ALFARO / EDUARDO LOREDO,24/09/2026,09:09,Sí,24/09/2026,10:57,24/09/2026,09:23,23,0.38,94,1.57,0,1.95,NO APLICA,24/09/2026,11:11,RODRIGO ALEJANDRO RODRIGUEZ TINAJERO,Alarma del tintero 1 ,Se revisan conexiones de encoder y modulo y se ajustan y limpian ,SIN REFACCIONES x1,1°,,Solicitado @ 2026-09-24 09:00 → Asignado (VICTOR ALFARO) @ 2026-09-24 09:09 → Confirmado en sitio (VICTOR ALFARO) @ 2026-09-24 09:23 → Técnico agregado (EDUARDO LOREDO) @ 2026-09-24 09:26 → Cerrado @ 2026-09-24 10:57 → Liberado por RODRIGO ALEJANDRO RODRIGUEZ TINAJERO @ 2026-09-24 11:11
102,Liberado,24/09/2026,Jueves,39,Septiembre,BOLSEO,SDAI 7,FRANCISCO MARCELIANO SOSA,09:25,Alta,ELECTRICO,CORRECTIVO,SI,ALEJANDRO RODRIGUEZ TINAJERO,ALEJANDRO RODRIGUEZ TINAJERO,24/09/2026,11:56,Sí,24/09/2026,14:52,24/09/2026,11:56,151,2.52,176,2.93,0,5.45,SI,24/09/2026,14:53,RODRIGO ALEJANDRO RODRIGUEZ TINAJERO,Temperatura irregular en placa de sello,Se cambia Resistencia dañada.  Se cambian cables dañados    y se calibran parámetros de pirómetro ,SIN REFACCIONES x1,1°,,Solicitado @ 2026-09-24 09:25 → Asignado (ALEJANDRO RODRIGUEZ TINAJERO) @ 2026-09-24 11:56 → Confirmado en sitio (ALEJANDRO RODRIGUEZ TINAJERO) @ 2026-09-24 11:56 → Cerrado @ 2026-09-24 14:52 → Liberado por RODRIGO ALEJANDRO RODRIGUEZ TINAJERO @ 2026-09-24 14:53
103,Liberado,24/09/2026,Jueves,39,Septiembre,POUCH,NO APLICA,RODRIGO ALEJANDRO RODRIGUEZ TINAJERO,11:12,Moderada,MECANICO,CORRECTIVO,NO,CASTRO MENDOZA PAMELA YOSELIN / ROBERTO BADILLO,CASTRO MENDOZA PAMELA YOSELIN / ROBERTO BADILLO,24/09/2026,11:13,Sí,24/09/2026,12:52,24/09/2026,11:21,9,0.15,91,1.52,0,1.67,NO,24/09/2026,12:54,RODRIGO ALEJANDRO RODRIGUEZ TINAJERO,Falla báscula troqueles,"Se repara pieza soporte para báscula en troquel
",SIN REFACCIONES x1,1°,,Solicitado @ 2026-09-24 11:12 → Asignado (CASTRO MENDOZA PAMELA YOSELIN) @ 2026-09-24 11:13 → Confirmado en sitio (CASTRO MENDOZA PAMELA YOSELIN) @ 2026-09-24 11:21 → Técnico agregado (ROBERTO BADILLO) @ 2026-09-24 11:22 → Cerrado @ 2026-09-24 12:52 → Liberado por RODRIGO ALEJANDRO RODRIGUEZ TINAJERO @ 2026-09-24 12:54
104,Liberado,24/09/2026,Jueves,39,Septiembre,BOLSEO,CONTEC,JESUS MARCELIANO SOSA,15:29,Alta,MECANICO,CORRECTIVO,SI,MIGUEL XOLALPA,MIGUEL XOLALPA,24/09/2026,15:30,Sí,24/09/2026,17:11,24/09/2026,15:30,1,0.02,101,1.68,0,1.7,SI,25/09/2026,07:37,JESUS MARCELIANO SOSA,Tornillos rotos de fife,Se revisa falla en fife y posición de servomotor fuera de rango dañando tornillos ,SIN REFACCIONES x1,2°,,Solicitado @ 2026-09-24 15:29 → Asignado (MIGUEL XOLALPA) @ 2026-09-24 15:30 → Confirmado en sitio (MIGUEL XOLALPA) @ 2026-09-24 15:30 → Cerrado @ 2026-09-24 17:11 → Liberado por JESUS MARCELIANO SOSA @ 2026-09-25 07:37
105,Liberado,24/09/2026,Jueves,39,Septiembre,BOLSEO,SDAI 11,MIGUEL ANGEL XOLALPA MANCERA,15:50,Alta,NO APLICA,CORRECTIVO,NO APLICA,LUIS GERARDO HORTA / JORGE VEGA,JORGE VEGA,24/09/2026,16:47,Sí,24/09/2026,16:48,24/09/2026,16:47,57,0.95,1,0.02,0,0.97,NO APLICA,24/09/2026,16:51,EFREN BUENDIA HERNANDEZ,Baleros dañado,Cerrado en reporte físico,SIN REFACCIONES x1,2°,,Solicitado @ 2026-09-24 15:50 → Asignado (LUIS GERARDO HORTA) @ 2026-09-24 15:59 → Asignación cancelada @ 2026-09-24 16:38 → Asignado (JORGE VEGA) @ 2026-09-24 16:47 → Confirmado en sitio (JORGE VEGA) @ 2026-09-24 16:47 → Cerrado @ 2026-09-24 16:48 → Liberado por EFREN BUENDIA HERNANDEZ @ 2026-09-24 16:51
106,Liberado,24/09/2026,Jueves,39,Septiembre,BOLSEO,C,JOSE JOAQUIN BERNAL EVARISTO,16:25,Moderada,MECANICO,CORRECTIVO,SI,LUIS GERARDO HORTA / MIGUEL XOLALPA,LUIS GERARDO HORTA / MIGUEL XOLALPA,24/09/2026,17:11,Sí,24/09/2026,20:17,24/09/2026,17:12,47,0.78,185,3.08,0,3.86,NO,25/09/2026,07:37,JOSE JOAQUIN BERNAL EVARISTO,Falla en el  freno ,"Se revisa deslizamiento de material en rodillos de balancin, no se tiene rodillos nuevos, solo se recubre con caucho ",SIN REFACCIONES x1,2°,,Solicitado @ 2026-09-24 16:25 → Asignado (LUIS GERARDO HORTA) @ 2026-09-24 16:39 → Asignación cancelada @ 2026-09-24 17:11 → Asignado (LUIS GERARDO HORTA/MIGUEL XOLALPA) @ 2026-09-24 17:11 → Confirmado en sitio (LUIS GERARDO HORTA/MIGUEL XOLALPA) @ 2026-09-24 17:12 → Cerrado @ 2026-09-24 20:17 → Liberado por JOSE JOAQUIN BERNAL EVARISTO @ 2026-09-25 07:37
107,Liberado,24/09/2026,Jueves,39,Septiembre,BOLSEO,SDAI 5,RAUL ESCAMILLA RAMIREZ,19:18,Moderada,MECANICO,CORRECTIVO,SI,LUIS GERARDO HORTA / MIGUEL XOLALPA,LUIS GERARDO HORTA / MIGUEL XOLALPA,24/09/2026,20:17,Sí,24/09/2026,21:20,24/09/2026,20:18,60,1,62,1.03,0,2.03,SI,25/09/2026,07:37,DIEGO ANDRES RESENDIZ CASTILLO,cambió de pespunte ,Se reemplaza disco de despunte ,Cuchilla de Despunte Sdai x1,2°,,Solicitado @ 2026-09-24 19:18 → Asignado (LUIS GERARDO HORTA/MIGUEL XOLALPA) @ 2026-09-24 20:17 → Confirmado en sitio (LUIS GERARDO HORTA/MIGUEL XOLALPA) @ 2026-09-24 20:18 → Cerrado @ 2026-09-24 21:20 → Liberado por DIEGO ANDRES RESENDIZ CASTILLO @ 2026-09-25 07:37
108,Liberado,24/09/2026,Jueves,39,Septiembre,BOLSEO,SDAI 8,BENJAMIN HERNANDEZ CARMONA,23:10,Alta,ELECTRONICO,CORRECTIVO,SI,DANTE GONZALEZ ALVA / IRVING ALDRIGHETTI,DANTE GONZALEZ ALVA / IRVING ALDRIGHETTI,24/09/2026,23:30,Sí,25/09/2026,02:37,24/09/2026,23:31,21,0.35,186,3.1,0,3.45,SI,25/09/2026,07:37,DIEGO ANDRES RESENDIZ CASTILLO,,Se realiza el cambio del cañon de ultrasonido y se cambian cables.,SIN REFACCIONES x1,3°,,Solicitado @ 2026-09-24 23:10 → Asignado (DANTE GONZALEZ ALVA) @ 2026-09-24 23:30 → Confirmado en sitio (DANTE GONZALEZ ALVA) @ 2026-09-24 23:31 → Técnico agregado (IRVING ALDRIGHETTI) @ 2026-09-25 00:03 → Cerrado @ 2026-09-25 02:37 → Liberado por DIEGO ANDRES RESENDIZ CASTILLO @ 2026-09-25 07:37
109,Liberado,25/09/2026,Viernes,39,Septiembre,IMPRESION,FJ-2,GUSTAVO HERRERA GUEVARA,00:00,Alta,MECANICO,CORRECTIVO,SI,ISRAEL NEYRA SANCHEZ,ISRAEL NEYRA SANCHEZ,25/09/2026,00:03,Sí,25/09/2026,04:55,25/09/2026,00:04,4,0.07,291,4.85,0,4.92,SI,25/09/2026,07:37,DIEGO ANDRES RESENDIZ CASTILLO,Cambio de llave de paso de tinta bomba tintero 7,Cambio de llave ,Llave de paso esfera 3/8 Italianas x1,3°,,Solicitado @ 2026-09-25 00:00 → Asignado (ISRAEL NEYRA SANCHEZ) @ 2026-09-25 00:03 → Confirmado en sitio (ISRAEL NEYRA SANCHEZ) @ 2026-09-25 00:04 → Cerrado @ 2026-09-25 04:55 → Liberado por DIEGO ANDRES RESENDIZ CASTILLO @ 2026-09-25 07:37
110,Liberado,25/09/2026,Viernes,39,Septiembre,IMPRESION,F4-2,GUSTAVO HERRERA GUEVARA,04:24,Alta,ELECTRICO,CORRECTIVO,SI,ISRAEL NEYRA SANCHEZ / OSCAR PUENTE AYALA,ISRAEL NEYRA SANCHEZ / OSCAR PUENTE AYALA,25/09/2026,04:55,Sí,25/09/2026,05:51,25/09/2026,05:50,86,1.43,1,0.02,0,1.45,SI,25/09/2026,07:37,DIEGO ANDRES RESENDIZ CASTILLO,Se alarman todos los tinteros ,Se realiza limpieza de módulos de comunicación ,SIN REFACCIONES x1,3°,Maquina funcionando ,Solicitado @ 2026-09-25 04:24 → Asignado (ISRAEL NEYRA SANCHEZ/OSCAR PUENTE AYALA) @ 2026-09-25 04:55 → Confirmado en sitio (ISRAEL NEYRA SANCHEZ/OSCAR PUENTE AYALA) @ 2026-09-25 05:50 → Cerrado @ 2026-09-25 05:51 → Liberado por DIEGO ANDRES RESENDIZ CASTILLO @ 2026-09-25 07:37
111,Liberado,25/09/2026,Viernes,39,Septiembre,IMPRESION,F4-3,OSCAR PUENTE AYALA,05:52,Alta,ELECTRICO,CORRECTIVO,SI,ISRAEL NEYRA SANCHEZ / OSCAR PUENTE AYALA,ISRAEL NEYRA SANCHEZ / OSCAR PUENTE AYALA,25/09/2026,05:54,Sí,25/09/2026,07:38,25/09/2026,05:54,2,0.03,104,1.73,0,1.76,SI,25/09/2026,08:30,RODRIGO ALEJANDRO RODRIGUEZ TINAJERO,"Motor de anilox tintero 1 no gira 
Banda dañada ",Se repara banda de motor,Banda 09 2011 B x1,3°,,Solicitado @ 2026-09-25 05:52 → Asignado (ISRAEL NEYRA SANCHEZ/OSCAR PUENTE AYALA) @ 2026-09-25 05:54 → Confirmado en sitio (ISRAEL NEYRA SANCHEZ/OSCAR PUENTE AYALA) @ 2026-09-25 05:54 → Cerrado @ 2026-09-25 07:38 → Liberado por RODRIGO ALEJANDRO RODRIGUEZ TINAJERO @ 2026-09-25 08:30
112,Liberado,25/09/2026,Viernes,39,Septiembre,POUCH,TOTANI 2,DIEGO ANDRES RESENDIZ CASTILLO,07:36,Alta,ELECTRICO,CORRECTIVO,SI,ALEJANDRO RODRIGUEZ TINAJERO / VICTOR ALFARO,ALEJANDRO RODRIGUEZ TINAJERO / VICTOR ALFARO,25/09/2026,07:48,Sí,25/09/2026,13:37,25/09/2026,07:58,22,0.37,339,5.65,0,6.02,SI,25/09/2026,13:52,RODRIGO ALEJANDRO RODRIGUEZ TINAJERO,LA MAQUINA ESTA TRABAJANDO Y SE ACTIVA UN PARO DE EMERGENCIA SE LIBERA SE ECHA ANDAR LA MAQUINA Y SE BUELVE ATIVAR EL PARO DE EMERENCIA ,Se revisa circuito de control. Se encuentra dañada tarjeta de protecciónes la cual se repara y se cambian cables dañados ,Apagador de 2 polos 2 tiros 3 Patitas x1,1°,,Solicitado @ 2026-09-25 07:36 → Asignado (ALEJANDRO RODRIGUEZ TINAJERO/VICTOR ALFARO) @ 2026-09-25 07:48 → Confirmado en sitio (ALEJANDRO RODRIGUEZ TINAJERO/VICTOR ALFARO) @ 2026-09-25 07:58 → Cerrado @ 2026-09-25 13:37 → Liberado por RODRIGO ALEJANDRO RODRIGUEZ TINAJERO @ 2026-09-25 13:52
113,Liberado,25/09/2026,Viernes,39,Septiembre,POUCH,TOTANI 3,RODRIGO ALEJANDRO RODRIGUEZ TINAJERO,08:30,Alta,MECANICO,CORRECTIVO,SI,ROBERTO BADILLO / CASTRO MENDOZA PAMELA YOSELIN,ROBERTO BADILLO / CASTRO MENDOZA PAMELA YOSELIN,25/09/2026,08:31,Sí,25/09/2026,13:32,25/09/2026,08:33,3,0.05,299,4.98,0,5.03,SI,25/09/2026,13:33,EFREN BUENDIA HERNANDEZ,Fallo de motor embobinador ,Revisar,SIN REFACCIONES x1,1°,,Solicitado @ 2026-09-25 08:30 → Asignado (ROBERTO BADILLO/CASTRO MENDOZA PAMELA YOSELIN) @ 2026-09-25 08:31 → Confirmado en sitio (ROBERTO BADILLO/CASTRO MENDOZA PAMELA YOSELIN) @ 2026-09-25 08:33 → Cerrado @ 2026-09-25 13:32 → Liberado por EFREN BUENDIA HERNANDEZ @ 2026-09-25 13:33
114,Liberado,25/09/2026,Viernes,39,Septiembre,IMPRESION,F4-3,MIGUEL ANGEL GRANADOS TREJO,15:57,Alta,ELECTRICO,CORRECTIVO,SI,LUIS GERARDO HORTA / FAUSTINO SOLIS / MIGUEL XOLALPA,MIGUEL XOLALPA / FAUSTINO SOLIS,25/09/2026,16:10,Sí,25/09/2026,16:43,25/09/2026,16:09,12,0.2,34,0.57,0,0.77,SI,25/09/2026,17:36,MIGUEL ANGEL XOLALPA MANCERA,Alarma de máquina fallo sinamics,Se revisan módulos y se enfría manualmente,SIN REFACCIONES x1,2°,,Solicitado @ 2026-09-25 15:57 → Asignado (LUIS GERARDO HORTA/FAUSTINO SOLIS) @ 2026-09-25 16:08 → Asignación cancelada @ 2026-09-25 16:10 → Asignado (MIGUEL XOLALPA/FAUSTINO SOLIS) @ 2026-09-25 16:10 → Confirmado en sitio (MIGUEL XOLALPA/FAUSTINO SOLIS) @ 2026-09-25 16:09 → Cerrado @ 2026-09-25 16:43 → Liberado por MIGUEL ANGEL XOLALPA MANCERA @ 2026-09-25 17:36
115,Liberado,25/09/2026,Viernes,39,Septiembre,IMPRESION,F4-2,ROSENDO FRANCISCO CAYETANO,16:46,Alta,MECANICO,CORRECTIVO,SI,LUIS GERARDO HORTA / FAUSTINO SOLIS / MIGUEL XOLALPA,LUIS GERARDO HORTA / FAUSTINO SOLIS / MIGUEL XOLALPA,25/09/2026,16:46,Sí,25/09/2026,17:34,25/09/2026,16:38,,,56,0.93,0,,NO,26/09/2026,08:22,RODRIGO ALEJANDRO RODRIGUEZ TINAJERO,Perilla de presión de rasqueta ,Se revisa problema en perilla de presión de rasqueta ,SIN REFACCIONES x1,2°,,Solicitado @ 2026-09-25 16:46 → Asignado (LUIS GERARDO HORTA/FAUSTINO SOLIS) @ 2026-09-25 16:46 → Confirmado en sitio (LUIS GERARDO HORTA/FAUSTINO SOLIS) @ 2026-09-25 16:38 → Técnico agregado (MIGUEL XOLALPA) @ 2026-09-25 16:48 → Cerrado @ 2026-09-25 17:34 → Liberado por RODRIGO ALEJANDRO RODRIGUEZ TINAJERO @ 2026-09-26 08:22
116,Liberado,25/09/2026,Viernes,39,Septiembre,IMPRESION,F4-3,MIGUEL ANGEL GRANADOS TREJO,17:36,Alta,ELECTRICO,CORRECTIVO,SI,MIGUEL XOLALPA / EDUARDO LOREDO,MIGUEL XOLALPA / EDUARDO LOREDO,25/09/2026,17:36,Sí,25/09/2026,17:52,25/09/2026,17:37,1,0.02,15,0.25,0,0.27,SI,26/09/2026,08:22,RODRIGO ALEJANDRO RODRIGUEZ TINAJERO,Problema con el avt,Se revisa fallo en arranque de sistema de avt ,SIN REFACCIONES x1,2°,,Solicitado @ 2026-09-25 17:36 → Asignado (MIGUEL XOLALPA/EDUARDO LOREDO) @ 2026-09-25 17:36 → Confirmado en sitio (MIGUEL XOLALPA/EDUARDO LOREDO) @ 2026-09-25 17:37 → Cerrado @ 2026-09-25 17:52 → Liberado por RODRIGO ALEJANDRO RODRIGUEZ TINAJERO @ 2026-09-26 08:22
117,Liberado,25/09/2026,Viernes,39,Septiembre,POUCH,TOTANI 7,VICENTE DE LA CRUZ TREJO,17:30,Alta,MECANICO,CORRECTIVO,SI,LUIS GERARDO HORTA / FAUSTINO SOLIS / MIGUEL XOLALPA,LUIS GERARDO HORTA / FAUSTINO SOLIS,25/09/2026,17:41,Sí,25/09/2026,22:06,25/09/2026,17:43,13,0.22,263,4.38,0,4.6,SI,26/09/2026,08:19,RODRIGO ALEJANDRO RODRIGUEZ TINAJERO,CAMBIO DE RODILLO DE LA PARTE DEENMEDIO DE LA MAQUINA,Se reemplaza rodillo de nip dañado y conexiones ,SIN REFACCIONES x1,2°,,Solicitado @ 2026-09-25 17:30 → Asignado (LUIS GERARDO HORTA/FAUSTINO SOLIS) @ 2026-09-25 17:41 → Confirmado en sitio (LUIS GERARDO HORTA/FAUSTINO SOLIS) @ 2026-09-25 17:43 → Técnico agregado (MIGUEL XOLALPA) @ 2026-09-25 18:01 → Se retiró (MIGUEL XOLALPA) @ 2026-09-25 20:53 → Cerrado @ 2026-09-25 22:06 → Liberado por RODRIGO ALEJANDRO RODRIGUEZ TINAJERO @ 2026-09-26 08:19
118,Liberado,25/09/2026,Viernes,39,Septiembre,IMPRESION,F2-3,JUAN ANTONIO GRANADOS TREJO,20:43,Alta,ELECTRICO,CORRECTIVO,SI,MIGUEL XOLALPA / ISRAEL NEYRA SANCHEZ,ISRAEL NEYRA SANCHEZ,25/09/2026,20:53,Sí,25/09/2026,23:37,25/09/2026,20:55,12,0.2,111,1.85,51,2.05,SI,26/09/2026,08:22,RODRIGO ALEJANDRO RODRIGUEZ TINAJERO,Paralelismo portacliche tintero 8 ,Se realiza ajuste de posición de pc tintero 8 se saca tintero y se pone en posición de resetean alarmas y se deja funcionando ,SIN REFACCIONES x1,3°,Funcionando ,Solicitado @ 2026-09-25 20:43 → Asignado (MIGUEL XOLALPA) @ 2026-09-25 20:53 → Confirmado en sitio (MIGUEL XOLALPA) @ 2026-09-25 20:55 → Pausado @ 2026-09-25 22:05 → Reanudado (ISRAEL NEYRA SANCHEZ) @ 2026-09-25 22:56 → Cerrado @ 2026-09-25 23:37 → Liberado por RODRIGO ALEJANDRO RODRIGUEZ TINAJERO @ 2026-09-26 08:22
119,Liberado,25/09/2026,Viernes,39,Septiembre,IMPRESION,F2-2,OSCAR PUENTE AYALA,22:53,Alta,NEUMATICO,CORRECTIVO,NO,DANTE GONZALEZ ALVA / IRVING ALDRIGHETTI,DANTE GONZALEZ ALVA / IRVING ALDRIGHETTI,25/09/2026,22:54,Sí,26/09/2026,00:50,25/09/2026,23:02,9,0.15,108,1.8,0,1.95,SI,26/09/2026,08:21,VICTOR HUGO NEYRA FLORES,Fuga de aire tintero 8,Reparación de fuga en portarasqueta ,ConexiÃ³n rÃ¡pida codo 8 a 8 x1,3°,,Solicitado @ 2026-09-25 22:53 → Asignado (DANTE GONZALEZ ALVA/IRVING ALDRIGHETTI) @ 2026-09-25 22:54 → Confirmado en sitio (DANTE GONZALEZ ALVA/IRVING ALDRIGHETTI) @ 2026-09-25 23:02 → Cerrado @ 2026-09-26 00:50 → Liberado por VICTOR HUGO NEYRA FLORES @ 2026-09-26 08:21
120,Liberado,25/09/2026,Viernes,39,Septiembre,BOLSEO,NO APLICA,OSCAR PUENTE AYALA,23:15,Alta,NO APLICA,CORRECTIVO,NO APLICA,ISRAEL NEYRA SANCHEZ / OSCAR PUENTE AYALA,ISRAEL NEYRA SANCHEZ / OSCAR PUENTE AYALA,25/09/2026,23:37,Sí,26/09/2026,00:47,25/09/2026,23:51,36,0.6,56,0.93,0,1.53,SI,26/09/2026,08:21,RODRIGO ALEJANDRO RODRIGUEZ TINAJERO,Mover maquina para retirar modulo que obstruye el pasillo ,Movimiento de maquinaria,SIN REFACCIONES x1,3°,,Solicitado @ 2026-09-25 23:15 → Asignado (ISRAEL NEYRA SANCHEZ/OSCAR PUENTE AYALA) @ 2026-09-25 23:37 → Confirmado en sitio (ISRAEL NEYRA SANCHEZ/OSCAR PUENTE AYALA) @ 2026-09-25 23:51 → Cerrado @ 2026-09-26 00:47 → Liberado por RODRIGO ALEJANDRO RODRIGUEZ TINAJERO @ 2026-09-26 08:21
121,Liberado,26/09/2026,Sábado,39,Septiembre,BOLSEO,CONTEC,Dabid ordaz,05:06,Alta,MECANICO,CORRECTIVO,SI,ISRAEL NEYRA SANCHEZ / IRVING ALDRIGHETTI,ISRAEL NEYRA SANCHEZ / IRVING ALDRIGHETTI,26/09/2026,05:13,Sí,26/09/2026,06:44,26/09/2026,05:15,9,0.15,89,1.48,0,1.63,SI,26/09/2026,08:20,RODRIGO ALEJANDRO RODRIGUEZ TINAJERO,,"Se realiza el cambio de manguera del extractor, y se coloca cinta antiderrapante de bajo para evitar el desplazamiento del mismo por vibración ",SIN REFACCIONES x1,3°,"Se ocupó manguera millada de 3""",Solicitado @ 2026-09-26 05:06 → Asignado (ISRAEL NEYRA SANCHEZ/IRVING ALDRIGHETTI) @ 2026-09-26 05:13 → Confirmado en sitio (ISRAEL NEYRA SANCHEZ/IRVING ALDRIGHETTI) @ 2026-09-26 05:15 → Cerrado @ 2026-09-26 06:44 → Liberado por RODRIGO ALEJANDRO RODRIGUEZ TINAJERO @ 2026-09-26 08:20
122,Liberado,26/09/2026,Sábado,39,Septiembre,POUCH,TOTANI 7,RODRIGO ALEJANDRO RODRIGUEZ TINAJERO,08:19,Alta,MECANICO,CORRECTIVO,SI,ISRAEL NEYRA SANCHEZ / VICTOR ALFARO / ROBERTO BADILLO / CASTRO MENDOZA PAMELA YOSELIN,ROBERTO BADILLO / CASTRO MENDOZA PAMELA YOSELIN,26/09/2026,08:21,Sí,26/09/2026,11:26,26/09/2026,09:10,51,0.85,136,2.27,0,3.12,SI,26/09/2026,11:28,RODRIGO ALEJANDRO RODRIGUEZ TINAJERO,Falla no arranca ,Se cambian Baleros y se ajusta rodillo y se cambian tornillos  nuevos ,SIN REFACCIONES x1,1°,,Solicitado @ 2026-09-26 08:19 → Asignado (ISRAEL NEYRA SANCHEZ/VICTOR ALFARO) @ 2026-09-26 08:20 → Asignación cancelada @ 2026-09-26 08:21 → Asignado (ROBERTO BADILLO/VICTOR ALFARO) @ 2026-09-26 08:21 → Confirmado en sitio (ROBERTO BADILLO/VICTOR ALFARO) @ 2026-09-26 09:10 → Técnico agregado (CASTRO MENDOZA PAMELA YOSELIN) @ 2026-09-26 09:25 → Se retiró (VICTOR ALFARO) @ 2026-09-26 10:12 → Cerrado @ 2026-09-26 11:26 → Liberado por RODRIGO ALEJANDRO RODRIGUEZ TINAJERO @ 2026-09-26 11:28
123,Liberado,26/09/2026,Sábado,39,Septiembre,IMPRESION,F4-2,REYNALDO LEAL SANCHEZ,08:52,Alta,MECANICO,CORRECTIVO,SI,ALEJANDRO RODRIGUEZ TINAJERO,ALEJANDRO RODRIGUEZ TINAJERO,26/09/2026,09:21,Sí,26/09/2026,10:24,26/09/2026,09:22,30,0.5,62,1.03,0,1.53,SI,26/09/2026,11:28,RODRIGO ALEJANDRO RODRIGUEZ TINAJERO,Movimiento de registro,Se revisa encoder de Pc. Se calibra y se ajustan presiones ,SIN REFACCIONES x1,1°,,Solicitado @ 2026-09-26 08:52 → Asignado (ALEJANDRO RODRIGUEZ TINAJERO) @ 2026-09-26 09:21 → Confirmado en sitio (ALEJANDRO RODRIGUEZ TINAJERO) @ 2026-09-26 09:22 → Cerrado @ 2026-09-26 10:24 → Liberado por RODRIGO ALEJANDRO RODRIGUEZ TINAJERO @ 2026-09-26 11:28
124,Liberado,26/09/2026,Sábado,39,Septiembre,BOLSEO,SDAI 15,RODRIGO ALEJANDRO RODRIGUEZ TINAJERO,09:26,Alta,ELECTRONICO,CORRECTIVO,SI,VICTOR ALFARO / ALEJANDRO RODRIGUEZ TINAJERO,ALEJANDRO RODRIGUEZ TINAJERO / VICTOR ALFARO,26/09/2026,10:24,Sí,26/09/2026,13:11,26/09/2026,10:24,58,0.97,167,2.78,0,3.75,SI,26/09/2026,14:13,RODRIGO ALEJANDRO RODRIGUEZ TINAJERO,Falla Registro Material,Se revisa fotocelda se. Encuentra dañado el cable de alimentación se cambia nuevo y se calibran ,SIN REFACCIONES x1,1°,,Solicitado @ 2026-09-26 09:26 → Asignado (VICTOR ALFARO) @ 2026-09-26 10:13 → Asignación cancelada @ 2026-09-26 10:24 → Asignado (ALEJANDRO RODRIGUEZ TINAJERO/VICTOR ALFARO) @ 2026-09-26 10:24 → Confirmado en sitio (ALEJANDRO RODRIGUEZ TINAJERO/VICTOR ALFARO) @ 2026-09-26 10:24 → Cerrado @ 2026-09-26 13:11 → Liberado por RODRIGO ALEJANDRO RODRIGUEZ TINAJERO @ 2026-09-26 14:13
125,Liberado,26/09/2026,Sábado,39,Septiembre,BOLSEO,CH1,RODRIGO ALEJANDRO RODRIGUEZ TINAJERO,14:14,Alta,ELECTRICO,CORRECTIVO,SI,VICTOR ALFARO / ALEJANDRO RODRIGUEZ TINAJERO,VICTOR ALFARO / ALEJANDRO RODRIGUEZ TINAJERO,26/09/2026,14:19,Sí,26/09/2026,15:35,26/09/2026,14:19,5,0.08,76,1.27,0,1.35,SI,26/09/2026,15:37,RODRIGO ALEJANDRO RODRIGUEZ TINAJERO,Falla estatica ,Se  revisa estática. Se calibra para darle más intensidad. Se hacen. Pruebas ,SIN REFACCIONES x1,1°,,Solicitado @ 2026-09-26 14:14 → Asignado (VICTOR ALFARO) @ 2026-09-26 14:15 → Asignación cancelada @ 2026-09-26 14:18 → Asignado (ALEJANDRO RODRIGUEZ TINAJERO) @ 2026-09-26 14:19 → Confirmado en sitio (ALEJANDRO RODRIGUEZ TINAJERO) @ 2026-09-26 14:19 → Técnico agregado (VICTOR ALFARO) @ 2026-09-26 14:20 → Se retiró (ALEJANDRO RODRIGUEZ TINAJERO) @ 2026-09-26 14:20 → Técnico agregado (ALEJANDRO RODRIGUEZ TINAJERO) @ 2026-09-26 14:39 → Cerrado @ 2026-09-26 15:35 → Liberado por RODRIGO ALEJANDRO RODRIGUEZ TINAJERO @ 2026-09-26 15:37
126,Liberado,26/09/2026,Sábado,39,Septiembre,BOLSEO,SDAI 12,MARCO ANTONIO ACOSTA ESPINOSA,15:13,Alta,ELECTRICO,CORRECTIVO,SI,LUIS GERARDO HORTA,LUIS GERARDO HORTA,26/09/2026,15:25,Sí,26/09/2026,16:54,26/09/2026,15:53,40,0.67,61,1.02,0,1.69,SI,26/09/2026,20:29,JONATHAN HUGO JUAREZ MONTES,CAMBIO DE TERMOPAR,Se reemplaza termopara ,Termopar tipo J cabeza de zapata x1,2°,,Solicitado @ 2026-09-26 15:13 → Asignado (LUIS GERARDO HORTA) @ 2026-09-26 15:25 → Confirmado en sitio (LUIS GERARDO HORTA) @ 2026-09-26 15:53 → Cerrado @ 2026-09-26 16:54 → Liberado por JONATHAN HUGO JUAREZ MONTES @ 2026-09-26 20:29
127,Liberado,26/09/2026,Sábado,39,Septiembre,POUCH,TOTANI 3,AHAU QUITZE CASTILLO LOZANO,15:27,Alta,ELECTRICO,CORRECTIVO,SI,MIGUEL XOLALPA / FAUSTINO SOLIS,MIGUEL XOLALPA / FAUSTINO SOLIS,26/09/2026,15:36,Sí,26/09/2026,17:50,26/09/2026,15:36,9,0.15,134,2.23,0,2.38,NO,26/09/2026,20:40,EFREN BUENDIA HERNANDEZ,MAQUINA ASE PARO DESPUES DE ARRANCAR  ,"Se revisa alarma de servo 2, se revisa transmision, potenciometro de retroalimentacion de balancin  ",SIN REFACCIONES x1,2°,,Solicitado @ 2026-09-26 15:27 → Asignado (MIGUEL XOLALPA/FAUSTINO SOLIS) @ 2026-09-26 15:36 → Confirmado en sitio (MIGUEL XOLALPA/FAUSTINO SOLIS) @ 2026-09-26 15:36 → Cerrado @ 2026-09-26 17:50 → Liberado por EFREN BUENDIA HERNANDEZ @ 2026-09-26 20:40
128,Liberado,26/09/2026,Sábado,39,Septiembre,BOLSEO,NO APLICA,BARBARA ELEN RAMOS CORONA,15:57,Alta,MECANICO,CORRECTIVO,SI,ISMAEL BERMUDEZ / JOSE GARCIA / MIGUEL XOLALPA / FAUSTINO SOLIS,MIGUEL XOLALPA / FAUSTINO SOLIS,26/09/2026,16:53,Sí,27/09/2026,02:15,26/09/2026,16:49,52,0.87,402,6.7,164,7.57,NO,27/09/2026,10:52,BARBARA ELEN RAMOS CORONA,SE BARRE EL VALERO DEL RODILLO DE LA DOBLADORA,Se reemplazan baleros dañados y se rectifican piezas de corredera ,Balero 6203-2RC x2 / Balero 6205 x2,2°,,Solicitado @ 2026-09-26 15:57 → Asignado (ISMAEL BERMUDEZ/JOSE GARCIA) @ 2026-09-26 16:53 → Confirmado en sitio (ISMAEL BERMUDEZ/JOSE GARCIA) @ 2026-09-26 16:49 → Pausado @ 2026-09-26 22:26 → Reanudado (MIGUEL XOLALPA/FAUSTINO SOLIS) @ 2026-09-27 01:10 → Cerrado @ 2026-09-27 02:15 → Liberado por BARBARA ELEN RAMOS CORONA @ 2026-09-27 10:52
129,Liberado,26/09/2026,Sábado,39,Septiembre,IMPRESION,F4-3,JUAN JOSE GONZALEZ LARA,16:32,Alta,ELECTRICO,CORRECTIVO,SI,LUIS GERARDO HORTA,LUIS GERARDO HORTA,26/09/2026,16:54,Sí,26/09/2026,17:21,26/09/2026,16:50,18,0.3,31,0.52,0,0.82,NO,26/09/2026,20:40,EFREN BUENDIA HERNANDEZ,Alarma tintero 3 y 4,Se revisa Drivers alarmados y armario con temperatura elevada ,SIN REFACCIONES x1,2°,,Solicitado @ 2026-09-26 16:32 → Asignado (LUIS GERARDO HORTA) @ 2026-09-26 16:54 → Confirmado en sitio (LUIS GERARDO HORTA) @ 2026-09-26 16:50 → Cerrado @ 2026-09-26 17:21 → Liberado por EFREN BUENDIA HERNANDEZ @ 2026-09-26 20:40
130,Liberado,26/09/2026,Sábado,39,Septiembre,POUCH,TOTANI 2,VICENTE DE LA CRUZ TREJO,17:42,Alta,ELECTRICO,CORRECTIVO,SI,MIGUEL XOLALPA,MIGUEL XOLALPA,26/09/2026,17:53,Sí,26/09/2026,18:18,26/09/2026,17:54,12,0.2,24,0.4,0,0.6,NO,26/09/2026,20:40,EFREN BUENDIA HERNANDEZ,SE ALARMA MAQUINA Y NO ARRANCA ,Se revisa alarma de paro por fin de bobina ,SIN REFACCIONES x1,2°,,Solicitado @ 2026-09-26 17:42 → Asignado (MIGUEL XOLALPA) @ 2026-09-26 17:53 → Confirmado en sitio (MIGUEL XOLALPA) @ 2026-09-26 17:54 → Cerrado @ 2026-09-26 18:18 → Liberado por EFREN BUENDIA HERNANDEZ @ 2026-09-26 20:40
131,Liberado,26/09/2026,Sábado,39,Septiembre,BOLSEO,SDAI 13,LORENZO ROJAS FELICIANO,20:21,Alta,MECANICO,CORRECTIVO,SI,LUIS GERARDO HORTA,LUIS GERARDO HORTA,26/09/2026,22:31,Sí,27/09/2026,02:16,26/09/2026,22:23,122,2.03,233,3.88,0,5.91,SI,27/09/2026,10:52,BARBARA ELEN RAMOS CORONA,CAMBIO DE BALEROS DEL RODILLOS ,Se reemplazan baleros dañados y flecha con desgaste ,Balero 6202-2RS x2,2°,,Solicitado @ 2026-09-26 20:21 → Asignado (LUIS GERARDO HORTA) @ 2026-09-26 20:46 → Asignación cancelada @ 2026-09-26 22:27 → Asignado (LUIS GERARDO HORTA) @ 2026-09-26 22:31 → Confirmado en sitio (LUIS GERARDO HORTA) @ 2026-09-26 22:23 → Cerrado @ 2026-09-27 02:16 → Liberado por BARBARA ELEN RAMOS CORONA @ 2026-09-27 10:52
132,Liberado,26/09/2026,Sábado,39,Septiembre,BOLSEO,CH2,LUIS YAHIR PEREZ GOMEZ,20:45,Alta,MECANICO,CORRECTIVO,SI,MIGUEL XOLALPA / FAUSTINO SOLIS,MIGUEL XOLALPA,26/09/2026,20:59,Sí,28/09/2026,20:29,26/09/2026,21:07,22,0.37,77,1.28,2765,1.65,NO,28/09/2026,21:26,DIEGO ANDRES RESENDIZ CASTILLO,"SE SOLICITA REVISION DE LOS VALORES DE LA ESTATICA,",Se reparan rodillos,SIN REFACCIONES x1,3°,,Solicitado @ 2026-09-26 20:45 → Asignado (MIGUEL XOLALPA) @ 2026-09-26 20:59 → Confirmado en sitio (MIGUEL XOLALPA) @ 2026-09-26 21:07 → Técnico agregado (FAUSTINO SOLIS) @ 2026-09-26 21:24 → Pausado @ 2026-09-26 22:22 → Reanudado (MIGUEL XOLALPA) @ 2026-09-28 20:27 → Cerrado @ 2026-09-28 20:29 → Liberado por DIEGO ANDRES RESENDIZ CASTILLO @ 2026-09-28 21:26
133,Liberado,26/09/2026,Sábado,39,Septiembre,BOLSEO,SDAI 8,ALEJADRO,22:02,Alta,MECANICO,CORRECTIVO,SI,MIGUEL XOLALPA / FAUSTINO SOLIS,MIGUEL XOLALPA / FAUSTINO SOLIS,26/09/2026,22:22,Sí,27/09/2026,01:08,26/09/2026,22:29,27,0.45,159,2.65,0,3.1,SI,27/09/2026,10:51,DIEGO ANDRES RESENDIZ CASTILLO,PARA CAMBIO DE ENGRANAGES DE ARRASTRE ,"Se reemplazan engranes de rodillos de salida de material, se reemplaza termopar dañado ",Termopar tipo J cabeza de Tornillo x1,3°,,Solicitado @ 2026-09-26 22:02 → Asignado (MIGUEL XOLALPA/FAUSTINO SOLIS) @ 2026-09-26 22:22 → Confirmado en sitio (MIGUEL XOLALPA/FAUSTINO SOLIS) @ 2026-09-26 22:29 → Cerrado @ 2026-09-27 01:08 → Liberado por DIEGO ANDRES RESENDIZ CASTILLO @ 2026-09-27 10:51
134,Liberado,27/09/2026,Domingo,39,Septiembre,POUCH,TOTANI 5,DIEGO ANDRES RESENDIZ CASTILLO,10:53,Alta,ELECTRONICO,CORRECTIVO,SI,ISRAEL NEYRA SANCHEZ / IRVING ALDRIGHETTI,ISRAEL NEYRA SANCHEZ / IRVING ALDRIGHETTI,27/09/2026,16:14,Sí,27/09/2026,18:40,27/09/2026,16:14,321,5.35,146,2.43,0,7.78,SI,28/09/2026,07:10,EFREN BUENDIA HERNANDEZ,SE ROMPE CABLE DEL SENSOR DE BALANCIN  CENTRAL ,Se realiza el cambio de sensor y se limpia cpu de pantalla debido a que no encendia,SIN REFACCIONES x1,2°,,Solicitado @ 2026-09-27 10:53 → Asignado (ISRAEL NEYRA SANCHEZ/IRVING ALDRIGHETTI) @ 2026-09-27 16:14 → Confirmado en sitio (ISRAEL NEYRA SANCHEZ/IRVING ALDRIGHETTI) @ 2026-09-27 16:14 → Cerrado @ 2026-09-27 18:40 → Liberado por EFREN BUENDIA HERNANDEZ @ 2026-09-28 07:10
135,Liberado,28/09/2026,Lunes,40,Septiembre,BOLSEO,SDAI 4,JONATHAN HERNANDEZ GUARNEROS,07:39,Alta,ELECTRICO,CORRECTIVO,SI,DANTE GONZALEZ ALVA,DANTE GONZALEZ ALVA,28/09/2026,08:47,Sí,28/09/2026,10:17,28/09/2026,08:53,74,1.23,84,1.4,0,2.63,SI,28/09/2026,15:23,EFREN BUENDIA HERNANDEZ,NO  GIRAN RODILLOS DE ARRASTRE,Revisión de conexiones alarmas en servopack ,SIN REFACCIONES x1,1°,Se cambia servodrive ,Solicitado @ 2026-09-28 07:39 → Asignado (DANTE GONZALEZ ALVA) @ 2026-09-28 08:47 → Confirmado en sitio (DANTE GONZALEZ ALVA) @ 2026-09-28 08:53 → Cerrado @ 2026-09-28 10:17 → Liberado por EFREN BUENDIA HERNANDEZ @ 2026-09-28 15:23
136,Liberado,28/09/2026,Lunes,40,Septiembre,BOLSEO,SDAI 11,MAYRA ORTEGA DAVILA,08:26,Alta,ELECTRICO,CORRECTIVO,NO,EDUARDO LOREDO,EDUARDO LOREDO,28/09/2026,08:42,Sí,28/09/2026,09:55,28/09/2026,09:52,86,1.43,3,0.05,0,1.48,NO APLICA,28/09/2026,15:23,EFREN BUENDIA HERNANDEZ,VENTILADOR DE  ULTRASONIDO  ZIPPER,Se cambian ventiladores con su base en generador de ultrasonido ,SIN REFACCIONES x1,1°,,Solicitado @ 2026-09-28 08:26 → Asignado (EDUARDO LOREDO) @ 2026-09-28 08:42 → Confirmado en sitio (EDUARDO LOREDO) @ 2026-09-28 09:52 → Cerrado @ 2026-09-28 09:55 → Liberado por EFREN BUENDIA HERNANDEZ @ 2026-09-28 15:23
137,Liberado,28/09/2026,Lunes,40,Septiembre,BOLSEO,SDAI 2,GUSTAVO SANCHEZ DE JESUS,08:27,Alta,MECANICO,CORRECTIVO,SI,ISRAEL NEYRA SANCHEZ / IRVING ALDRIGHETTI,ISRAEL NEYRA SANCHEZ / IRVING ALDRIGHETTI,28/09/2026,08:35,Sí,28/09/2026,09:48,28/09/2026,08:38,11,0.18,70,1.17,0,1.35,SI,28/09/2026,15:23,EFREN BUENDIA HERNANDEZ,VALERO DE RODILLO DE BANDAS  TRANSPORTADORAS,"Se realiza el cambio de rodillo debido a que estaba roto, y se le cambió los rodamientos, además se le cambió la banda debido a que presentaba desgaste ",Balero 6902 x2 / Balero 6202-2RS x1 / Banda A-29 x1,1°,,Solicitado @ 2026-09-28 08:27 → Asignado (ISRAEL NEYRA SANCHEZ/IRVING ALDRIGHETTI) @ 2026-09-28 08:35 → Confirmado en sitio (ISRAEL NEYRA SANCHEZ/IRVING ALDRIGHETTI) @ 2026-09-28 08:38 → Cerrado @ 2026-09-28 09:48 → Liberado por EFREN BUENDIA HERNANDEZ @ 2026-09-28 15:23
138,Liberado,28/09/2026,Lunes,40,Septiembre,BOLSEO,SDAI 13,IRVING GAEL MORALES MONTES,08:34,Alta,MECANICO,CORRECTIVO,SI,MAURICIO SANTES,MAURICIO SANTES,28/09/2026,08:47,Sí,28/09/2026,10:18,28/09/2026,08:54,20,0.33,84,1.4,0,1.73,SI,28/09/2026,15:23,EFREN BUENDIA HERNANDEZ,ENGRANES DE RODILLOS DE BANDAS   DESALINEADOS,Ajuste,SIN REFACCIONES x1,1°,,Solicitado @ 2026-09-28 08:34 → Asignado (MAURICIO SANTES) @ 2026-09-28 08:47 → Confirmado en sitio (MAURICIO SANTES) @ 2026-09-28 08:54 → Cerrado @ 2026-09-28 10:18 → Liberado por EFREN BUENDIA HERNANDEZ @ 2026-09-28 15:23
139,Liberado,28/09/2026,Lunes,40,Septiembre,IMPRESION,F2-1,Daniel Rojas,09:32,Moderada,HIDRAULICO,CORRECTIVO,SI,EDUARDO LOREDO,EDUARDO LOREDO,28/09/2026,10:03,Sí,28/09/2026,16:33,28/09/2026,10:03,31,0.52,390,6.5,0,7.02,NO,28/09/2026,17:36,RODRIGO ALEJANDRO RODRIGUEZ TINAJERO,"Sistema tintero 7 avienta solvente de más
","Se revisan viscosimetros, se limpia viscosimetro, se revisan electroválvulas, señales de módulos de PLC y valvula neumática y se reemplaza ",SIN REFACCIONES x1,1°,,Solicitado @ 2026-09-28 09:32 → Asignado (EDUARDO LOREDO) @ 2026-09-28 10:03 → Confirmado en sitio (EDUARDO LOREDO) @ 2026-09-28 10:03 → Cerrado @ 2026-09-28 16:33 → Liberado por RODRIGO ALEJANDRO RODRIGUEZ TINAJERO @ 2026-09-28 17:36
140,Liberado,28/09/2026,Lunes,40,Septiembre,IMPRESION,F4-2,OSCAR PUENTE AYALA,10:21,Alta,MECANICO,CORRECTIVO,SI,ISRAEL NEYRA SANCHEZ / IRVING ALDRIGHETTI,ISRAEL NEYRA SANCHEZ / IRVING ALDRIGHETTI,28/09/2026,10:22,Sí,28/09/2026,20:19,28/09/2026,10:27,6,0.1,592,9.87,0,9.97,SI,28/09/2026,20:20,RODRIGO ALEJANDRO RODRIGUEZ TINAJERO,Brinca mandril del t2 pc ,"Se realiza cambió de guías líneales 
Cambio de baleros de tapetas
Engrase de guías y baleros
Se realiza ajuste de posición de carros y se realiza ofset",Balero 1208 x1,1°,Maquina funcionando ,Solicitado @ 2026-09-28 10:21 → Asignado (ISRAEL NEYRA SANCHEZ/IRVING ALDRIGHETTI) @ 2026-09-28 10:22 → Confirmado en sitio (ISRAEL NEYRA SANCHEZ/IRVING ALDRIGHETTI) @ 2026-09-28 10:27 → Cerrado @ 2026-09-28 20:19 → Liberado por RODRIGO ALEJANDRO RODRIGUEZ TINAJERO @ 2026-09-28 20:20
141,Liberado,28/09/2026,Lunes,40,Septiembre,LAMINACION,SL2,JOSE VICTOR GUARNEROS MARTINEZ,10:22,Alta,ELECTRONICO,CORRECTIVO,SI,OSCAR PUENTE AYALA,OSCAR PUENTE AYALA,28/09/2026,10:23,Sí,28/09/2026,10:39,28/09/2026,10:24,2,0.03,15,0.25,0,0.28,SI,28/09/2026,15:23,EFREN BUENDIA HERNANDEZ,No funciona carro de desboninador ,Se conecta señal  a 24vcd faltante ,SIN REFACCIONES x1,1°,Maquina funcionando ,Solicitado @ 2026-09-28 10:22 → Asignado (OSCAR PUENTE AYALA) @ 2026-09-28 10:23 → Confirmado en sitio (OSCAR PUENTE AYALA) @ 2026-09-28 10:24 → Cerrado @ 2026-09-28 10:39 → Liberado por EFREN BUENDIA HERNANDEZ @ 2026-09-28 15:23
142,Liberado,28/09/2026,Lunes,40,Septiembre,REFINADO,TIDE,ALEJANDRO VELAZQUEZ RUIZ,11:03,Alta,MECANICO,CORRECTIVO,SI,OSCAR PUENTE AYALA,OSCAR PUENTE AYALA,28/09/2026,11:04,Sí,28/09/2026,14:33,28/09/2026,11:04,1,0.02,209,3.48,0,3.5,SI,28/09/2026,15:23,EFREN BUENDIA HERNANDEZ,No sale pistón de grúa ,Se retira pistón y se realiza limpieza ,SIN REFACCIONES x1,1°,Funcionando ,Solicitado @ 2026-09-28 11:03 → Asignado (OSCAR PUENTE AYALA) @ 2026-09-28 11:04 → Confirmado en sitio (OSCAR PUENTE AYALA) @ 2026-09-28 11:04 → Cerrado @ 2026-09-28 14:33 → Liberado por EFREN BUENDIA HERNANDEZ @ 2026-09-28 15:23
143,Liberado,28/09/2026,Lunes,40,Septiembre,IMPRESION,NO APLICA,ADRIANA CRUZ GARCIA,12:57,Moderada,ELECTRICO,CORRECTIVO,NO APLICA,OSCAR PUENTE AYALA,OSCAR PUENTE AYALA,28/09/2026,14:34,Sí,28/09/2026,16:02,28/09/2026,16:01,184,3.07,1,0.02,0,3.09,NO APLICA,28/09/2026,16:11,RODRIGO ALEJANDRO RODRIGUEZ TINAJERO,Lámpara de F4-2 fundida ,Cambio de lámpara ,Lampara F54 T5 Aurora V Precalentamiento 1KK x1,1°,,Solicitado @ 2026-09-28 12:57 → Asignado (OSCAR PUENTE AYALA) @ 2026-09-28 14:34 → Confirmado en sitio (OSCAR PUENTE AYALA) @ 2026-09-28 16:01 → Cerrado @ 2026-09-28 16:02 → Liberado por RODRIGO ALEJANDRO RODRIGUEZ TINAJERO @ 2026-09-28 16:11
144,Liberado,28/09/2026,Lunes,40,Septiembre,IMPRESION,NO APLICA,ADRIANA CRUZ GARCIA,12:59,Alta,ELECTRICO,CORRECTIVO,NO,MAURICIO SANTES / ANTONIO ROSALES,MAURICIO SANTES / ANTONIO ROSALES,28/09/2026,14:34,Sí,28/09/2026,20:21,28/09/2026,14:35,96,1.6,346,5.77,0,7.37,NO,28/09/2026,21:26,DIEGO ANDRES RESENDIZ CASTILLO,"Aterrizaje de equipos, colocación puesta a tierra de charolas, totes, cubetas ",Se colocan  tierras físicas en Área de bolseo,SIN REFACCIONES x1,1°,,Solicitado @ 2026-09-28 12:59 → Asignado (MAURICIO SANTES/ANTONIO ROSALES) @ 2026-09-28 14:34 → Confirmado en sitio (MAURICIO SANTES/ANTONIO ROSALES) @ 2026-09-28 14:35 → Cerrado @ 2026-09-28 20:21 → Liberado por DIEGO ANDRES RESENDIZ CASTILLO @ 2026-09-28 21:26
145,Liberado,28/09/2026,Lunes,40,Septiembre,REFINADO,NO APLICA,ADRIANA CRUZ GARCIA,13:00,Alta,MECANICO,CORRECTIVO,NO,LUIS GERARDO HORTA / OSCAR PUENTE AYALA / IRVING ALDRIGHETTI,OSCAR PUENTE AYALA / IRVING ALDRIGHETTI,30/09/2026,10:18,Sí,30/09/2026,17:08,30/09/2026,10:20,2720,45.33,408,6.8,0,52.13,NO,30/09/2026,17:09,RODRIGO ALEJANDRO RODRIGUEZ TINAJERO,"Colocar botiquín de primeros auxilios, revisar ubicación con SGI",Se coloca botiquín ,SIN REFACCIONES x1,1°,,Solicitado @ 2026-09-28 13:00 → Asignado (LUIS GERARDO HORTA) @ 2026-09-28 20:30 → Asignación cancelada @ 2026-09-28 20:30 → Asignado (OSCAR PUENTE AYALA/IRVING ALDRIGHETTI) @ 2026-09-30 10:18 → Confirmado en sitio (OSCAR PUENTE AYALA/IRVING ALDRIGHETTI) @ 2026-09-30 10:20 → Cerrado @ 2026-09-30 17:08 → Liberado por RODRIGO ALEJANDRO RODRIGUEZ TINAJERO @ 2026-09-30 17:09
146,Liberado,28/09/2026,Lunes,40,Septiembre,POUCH,TOTANI 1,DIEGO ANDRES RESENDIZ CASTILLO,16:02,Alta,ELECTRICO,CORRECTIVO,NO,CASTRO MENDOZA PAMELA YOSELIN,CASTRO MENDOZA PAMELA YOSELIN,28/09/2026,16:26,Sí,28/09/2026,17:36,28/09/2026,16:30,28,0.47,66,1.1,0,1.57,NO,28/09/2026,17:37,RODRIGO ALEJANDRO RODRIGUEZ TINAJERO,SALIO ALARMA EN TOTANI 1 NO DEJA ARRANCAR LA MAQUINA ,Se revisa servovariador se hace limpieza de conexiones de comunicación ,SIN REFACCIONES x1,2°,,Solicitado @ 2026-09-28 16:02 → Asignado (CASTRO MENDOZA PAMELA YOSELIN) @ 2026-09-28 16:26 → Confirmado en sitio (CASTRO MENDOZA PAMELA YOSELIN) @ 2026-09-28 16:30 → Cerrado @ 2026-09-28 17:36 → Liberado por RODRIGO ALEJANDRO RODRIGUEZ TINAJERO @ 2026-09-28 17:37
147,Liberado,28/09/2026,Lunes,40,Septiembre,IMPRESION,NO APLICA,RODRIGO ALEJANDRO RODRIGUEZ TINAJERO,16:10,Alta,MECANICO,CORRECTIVO,NO,ALEJANDRO RODRIGUEZ TINAJERO / VICTOR ALFARO,ALEJANDRO RODRIGUEZ TINAJERO / VICTOR ALFARO,28/09/2026,16:11,Sí,28/09/2026,21:48,28/09/2026,16:12,2,0.03,191,3.18,145,3.21,NO,28/09/2026,22:26,RODRIGO ALEJANDRO RODRIGUEZ TINAJERO,Se deben colocar abrazaderas en los tubos de secaje ,Se colocan abrazaderas a tubos de secaje en Máquinas. F2,SIN REFACCIONES x1,2°,,Solicitado @ 2026-09-28 16:10 → Asignado (ALEJANDRO RODRIGUEZ TINAJERO/VICTOR ALFARO) @ 2026-09-28 16:11 → Confirmado en sitio (ALEJANDRO RODRIGUEZ TINAJERO/VICTOR ALFARO) @ 2026-09-28 16:12 → Pausado @ 2026-09-28 18:01 → Reanudado (ALEJANDRO RODRIGUEZ TINAJERO/VICTOR ALFARO) @ 2026-09-28 20:26 → Cerrado @ 2026-09-28 21:48 → Liberado por RODRIGO ALEJANDRO RODRIGUEZ TINAJERO @ 2026-09-28 22:26
148,Liberado,28/09/2026,Lunes,40,Septiembre,IMPRESION,F4-3,RODRIGO ALEJANDRO RODRIGUEZ TINAJERO,17:46,Moderada,HIDRAULICO,CORRECTIVO,NO,CASTRO MENDOZA PAMELA YOSELIN,CASTRO MENDOZA PAMELA YOSELIN,28/09/2026,17:48,Sí,28/09/2026,20:18,28/09/2026,17:50,4,0.07,148,2.47,0,2.54,NO,28/09/2026,20:19,RODRIGO ALEJANDRO RODRIGUEZ TINAJERO,Mantenimiento de bombas de pintura ,Se hace mantenimiento a bomba de tinta en el taller.  Se limpian y cambia. Piezas nuevas ,SIN REFACCIONES x1,2°,,Solicitado @ 2026-09-28 17:46 → Asignado (CASTRO MENDOZA PAMELA YOSELIN) @ 2026-09-28 17:48 → Confirmado en sitio (CASTRO MENDOZA PAMELA YOSELIN) @ 2026-09-28 17:50 → Cerrado @ 2026-09-28 20:18 → Liberado por RODRIGO ALEJANDRO RODRIGUEZ TINAJERO @ 2026-09-28 20:19
149,Liberado,28/09/2026,Lunes,40,Septiembre,POUCH,TOTANI 2,RODRIGO ALEJANDRO RODRIGUEZ TINAJERO,18:02,Alta,MECANICO,CORRECTIVO,SI,ALEJANDRO RODRIGUEZ TINAJERO / VICTOR ALFARO,ALEJANDRO RODRIGUEZ TINAJERO / VICTOR ALFARO,28/09/2026,18:02,Sí,28/09/2026,20:05,28/09/2026,18:03,1,0.02,122,2.03,0,2.05,SI,28/09/2026,20:19,RODRIGO ALEJANDRO RODRIGUEZ TINAJERO,Falla seguro desbobinador ,"Se repara pieza de soporte del pistón 
Se colocan tornillos nuevos y se calibra 
",SIN REFACCIONES x1,2°,,Solicitado @ 2026-09-28 18:02 → Asignado (ALEJANDRO RODRIGUEZ TINAJERO/VICTOR ALFARO) @ 2026-09-28 18:02 → Confirmado en sitio (ALEJANDRO RODRIGUEZ TINAJERO/VICTOR ALFARO) @ 2026-09-28 18:03 → Cerrado @ 2026-09-28 20:05 → Liberado por RODRIGO ALEJANDRO RODRIGUEZ TINAJERO @ 2026-09-28 20:19
150,Liberado,28/09/2026,Lunes,40,Septiembre,BOLSEO,D,BARBARA ELEN RAMOS CORONA,19:51,Alta,MECANICO,CORRECTIVO,SI,CASTRO MENDOZA PAMELA YOSELIN,CASTRO MENDOZA PAMELA YOSELIN,28/09/2026,20:20,Sí,28/09/2026,21:50,28/09/2026,20:27,36,0.6,83,1.38,0,1.98,SI,28/09/2026,22:26,RODRIGO ALEJANDRO RODRIGUEZ TINAJERO,FALLA DE MEDIDA ESTA FLOJA LA ESPIGA DE LA GUITARRA,Se revisa. Cremallera principal se coloca y se aprietan tornillos y que pendiente prueba con material ,SIN REFACCIONES x1,2°,,Solicitado @ 2026-09-28 19:51 → Asignado (CASTRO MENDOZA PAMELA YOSELIN) @ 2026-09-28 20:20 → Confirmado en sitio (CASTRO MENDOZA PAMELA YOSELIN) @ 2026-09-28 20:27 → Cerrado @ 2026-09-28 21:50 → Liberado por RODRIGO ALEJANDRO RODRIGUEZ TINAJERO @ 2026-09-28 22:26
151,Liberado,28/09/2026,Lunes,40,Septiembre,IMPRESION,F4-1,REYNALDO LEAL SANCHEZ,20:51,Alta,ELECTRICO,CORRECTIVO,SI,ALEJANDRO RODRIGUEZ TINAJERO,ALEJANDRO RODRIGUEZ TINAJERO,28/09/2026,22:25,Sí,28/09/2026,22:32,28/09/2026,22:27,96,1.6,5,0.08,0,1.68,NO,28/09/2026,22:34,RODRIGO ALEJANDRO RODRIGUEZ TINAJERO,Alarmas ,"Se revizan cableado de comunicación de hace limpieza de cables en conectores y en variadores 
",SIN REFACCIONES x1,2°,,Solicitado @ 2026-09-28 20:51 → Asignado (ALEJANDRO RODRIGUEZ TINAJERO) @ 2026-09-28 22:25 → Confirmado en sitio (ALEJANDRO RODRIGUEZ TINAJERO) @ 2026-09-28 22:27 → Cerrado @ 2026-09-28 22:32 → Liberado por RODRIGO ALEJANDRO RODRIGUEZ TINAJERO @ 2026-09-28 22:34
152,Liberado,28/09/2026,Lunes,40,Septiembre,POUCH,TOTANI 3,AHAU QUITZE CASTILLO LOZANO,23:45,Alta,ELECTRICO,CORRECTIVO,SI,LUIS GERARDO HORTA / JOSE GARCIA,LUIS GERARDO HORTA / JOSE GARCIA,28/09/2026,23:56,Sí,29/09/2026,00:33,29/09/2026,00:00,15,0.25,33,0.55,0,0.8,NO,29/09/2026,06:13,RODRIGO ALEJANDRO RODRIGUEZ TINAJERO,NUEVA MENTE PRESENTA PARO DESPUES DE ARRANCAR MAQUINA ,Se revisa alarma en servomotor 2 por sobretensión ,SIN REFACCIONES x1,3°,,Solicitado @ 2026-09-28 23:45 → Asignado (LUIS GERARDO HORTA/JOSE GARCIA) @ 2026-09-28 23:56 → Confirmado en sitio (LUIS GERARDO HORTA/JOSE GARCIA) @ 2026-09-29 00:00 → Cerrado @ 2026-09-29 00:33 → Liberado por RODRIGO ALEJANDRO RODRIGUEZ TINAJERO @ 2026-09-29 06:13
153,Liberado,29/09/2026,Martes,40,Septiembre,IMPRESION,F4-1,MIGUEL ANGEL XOLALPA MANCERA,01:02,Alta,ELECTRICO,CORRECTIVO,SI,LUIS GERARDO HORTA,LUIS GERARDO HORTA,29/09/2026,01:03,Sí,29/09/2026,01:31,29/09/2026,00:55,,,36,0.6,0,,NO,29/09/2026,01:37,MIGUEL ANGEL XOLALPA MANCERA,Alarma en tintero 1,Se revisa alarma en PC tintero 1,SIN REFACCIONES x1,3°,,Solicitado @ 2026-09-29 01:02 → Asignado (LUIS GERARDO HORTA) @ 2026-09-29 01:03 → Confirmado en sitio (LUIS GERARDO HORTA) @ 2026-09-29 00:55 → Cerrado @ 2026-09-29 01:31 → Liberado por MIGUEL ANGEL XOLALPA MANCERA @ 2026-09-29 01:37
154,Liberado,29/09/2026,Martes,40,Septiembre,IMPRESION,F4-1,MIGUEL ANGEL XOLALPA MANCERA,01:40,Alta,ELECTRICO,CORRECTIVO,SI,LUIS GERARDO HORTA / MIGUEL XOLALPA / JOSE GARCIA,LUIS GERARDO HORTA / MIGUEL XOLALPA / JOSE GARCIA,29/09/2026,01:40,Sí,29/09/2026,03:20,29/09/2026,01:41,1,0.02,99,1.65,0,1.67,NO,29/09/2026,06:13,RODRIGO ALEJANDRO RODRIGUEZ TINAJERO,Alarma en tintero 1,"Sw revisa alarma de dobrecalentamiento a motor de anilox tintero 1
Se enfría t se conecta ventilador que se encuentra desconectado ",SIN REFACCIONES x1,3°,,Solicitado @ 2026-09-29 01:40 → Asignado (LUIS GERARDO HORTA/MIGUEL XOLALPA) @ 2026-09-29 01:40 → Confirmado en sitio (LUIS GERARDO HORTA/MIGUEL XOLALPA) @ 2026-09-29 01:41 → Técnico agregado (JOSE GARCIA) @ 2026-09-29 02:27 → Cerrado @ 2026-09-29 03:20 → Liberado por RODRIGO ALEJANDRO RODRIGUEZ TINAJERO @ 2026-09-29 06:13
155,Liberado,29/09/2026,Martes,40,Septiembre,IMPRESION,F4-2,JUAN JOSE GONZALEZ LARA,04:16,Alta,NO APLICA,CORRECTIVO,NO APLICA,JORGE VEGA,JORGE VEGA,29/09/2026,09:15,Sí,29/09/2026,09:17,29/09/2026,09:15,299,4.98,2,0.03,0,5.01,NO APLICA,29/09/2026,09:17,EFREN BUENDIA HERNANDEZ,Problema en porta cliché tintero 2 ,Cierre,SIN REFACCIONES x1,1°,,Solicitado @ 2026-09-29 04:16 → Asignado (JORGE VEGA) @ 2026-09-29 09:15 → Confirmado en sitio (JORGE VEGA) @ 2026-09-29 09:15 → Cerrado @ 2026-09-29 09:17 → Liberado por EFREN BUENDIA HERNANDEZ @ 2026-09-29 09:17
156,Liberado,29/09/2026,Martes,40,Septiembre,IMPRESION,SERVICIOS,JUAN JOSE GONZALEZ LARA,04:26,Alta,MECANICO,CORRECTIVO,SI,LUIS GERARDO HORTA / MIGUEL XOLALPA / JOSE GARCIA,LUIS GERARDO HORTA / MIGUEL XOLALPA / JOSE GARCIA,29/09/2026,04:27,Sí,29/09/2026,05:23,29/09/2026,04:19,,,64,1.07,0,,NO,29/09/2026,06:13,RODRIGO ALEJANDRO RODRIGUEZ TINAJERO,Maquina f4-2 con falla en tintero 2,Se revisa problema con PC 2,SIN REFACCIONES x1,3°,,Solicitado @ 2026-09-29 04:26 → Asignado (LUIS GERARDO HORTA/MIGUEL XOLALPA/JOSE GARCIA) @ 2026-09-29 04:27 → Confirmado en sitio (LUIS GERARDO HORTA/MIGUEL XOLALPA/JOSE GARCIA) @ 2026-09-29 04:19 → Cerrado @ 2026-09-29 05:23 → Liberado por RODRIGO ALEJANDRO RODRIGUEZ TINAJERO @ 2026-09-29 06:13
157,Liberado,29/09/2026,Martes,40,Septiembre,BOLSEO,F,LUIS ADRIAN CARCAMO SOSA,08:57,Alta,ELECTRICO,CORRECTIVO,SI,OSCAR PUENTE AYALA,OSCAR PUENTE AYALA,29/09/2026,10:41,Sí,29/09/2026,10:43,29/09/2026,10:42,105,1.75,1,0.02,0,1.77,SI,29/09/2026,16:02,EFREN BUENDIA HERNANDEZ,No sale material ,"Se conecta señal de 24 vcd
De clutch",SIN REFACCIONES x1,1°,Maquina funcionando ,Solicitado @ 2026-09-29 08:57 → Asignado (OSCAR PUENTE AYALA) @ 2026-09-29 10:41 → Confirmado en sitio (OSCAR PUENTE AYALA) @ 2026-09-29 10:42 → Cerrado @ 2026-09-29 10:43 → Liberado por EFREN BUENDIA HERNANDEZ @ 2026-09-29 16:02
158,Liberado,29/09/2026,Martes,40,Septiembre,IMPRESION,F2-2,DANIEL ROJAS GOMEZ,09:53,Alta,ELECTRONICO,CORRECTIVO,SI,EDUARDO LOREDO,EDUARDO LOREDO,29/09/2026,10:00,Sí,29/09/2026,10:20,29/09/2026,10:01,8,0.13,19,0.32,0,0.45,NO,29/09/2026,16:02,EFREN BUENDIA HERNANDEZ,,Se restablece módulo de potencia de motores posicionadores de AX 8,SIN REFACCIONES x1,1°,,Solicitado @ 2026-09-29 09:53 → Asignado (EDUARDO LOREDO) @ 2026-09-29 10:00 → Confirmado en sitio (EDUARDO LOREDO) @ 2026-09-29 10:01 → Cerrado @ 2026-09-29 10:20 → Liberado por EFREN BUENDIA HERNANDEZ @ 2026-09-29 16:02
159,Liberado,29/09/2026,Martes,40,Septiembre,IMPRESION,F4-2,MELCHOR ALBARRAN LIMON,10:50,Alta,MECANICO,CORRECTIVO,SI,EDUARDO LOREDO,EDUARDO LOREDO,29/09/2026,10:57,Sí,29/09/2026,11:22,29/09/2026,10:57,7,0.12,25,0.42,0,0.54,NO,29/09/2026,14:51,OSCAR PUENTE AYALA,"Alarma en el tintero 6
Se detiene el anilox ","Se encuentra encoder de AX 6 fuera de posición, se acopla y fija nuevamente ",SIN REFACCIONES x1,1°,,Solicitado @ 2026-09-29 10:50 → Asignado (EDUARDO LOREDO) @ 2026-09-29 10:57 → Confirmado en sitio (EDUARDO LOREDO) @ 2026-09-29 10:57 → Cerrado @ 2026-09-29 11:22 → Liberado por OSCAR PUENTE AYALA @ 2026-09-29 14:51
160,Liberado,29/09/2026,Martes,40,Septiembre,IMPRESION,F4-1,GUSTAVO HERRERA GUEVARA,11:44,Alta,ELECTRONICO,CORRECTIVO,SI,DANTE GONZALEZ ALVA / EDUARDO LOREDO / ANTONIO ROSALES / MAURICIO SANTES,DANTE GONZALEZ ALVA / EDUARDO LOREDO / ANTONIO ROSALES / MAURICIO SANTES,29/09/2026,11:45,Sí,29/09/2026,12:56,29/09/2026,11:45,1,0.02,71,1.18,0,1.2,NO,29/09/2026,14:51,OSCAR PUENTE AYALA,"Falla desbobinador , no prende ! ",Se ajusta posición de sensor inductivo de torreta y se arregla tapeta de desbobinador 1 ,SIN REFACCIONES x1,1°,,Solicitado @ 2026-09-29 11:44 → Asignado (DANTE GONZALEZ ALVA/EDUARDO LOREDO/ANTONIO ROSALES) @ 2026-09-29 11:45 → Confirmado en sitio (DANTE GONZALEZ ALVA/EDUARDO LOREDO/ANTONIO ROSALES) @ 2026-09-29 11:45 → Técnico agregado (MAURICIO SANTES) @ 2026-09-29 12:13 → Cerrado @ 2026-09-29 12:56 → Liberado por OSCAR PUENTE AYALA @ 2026-09-29 14:51
161,Liberado,29/09/2026,Martes,40,Septiembre,GENERAL,SERVICIOS,JORGE ADRIAN VEGA BARON,11:54,Alta,NO APLICA,TEMPORAL,NO APLICA,ISRAEL NEYRA SANCHEZ / OSCAR PUENTE AYALA / IRVING ALDRIGHETTI,ISRAEL NEYRA SANCHEZ / OSCAR PUENTE AYALA / IRVING ALDRIGHETTI,29/09/2026,11:55,Sí,29/09/2026,13:35,29/09/2026,11:58,4,0.07,97,1.62,0,1.69,NO APLICA,29/09/2026,14:51,OSCAR PUENTE AYALA,Se retiran equipos de cómputo y fierros de almacén de arriba y se apoya a subir a transporte recolector ,Se bajan equipos de cómputo y fierros de bodegas y se acarrean a puerta de bolseo para su retiro ,SIN REFACCIONES x1,1°,,Solicitado @ 2026-09-29 11:54 → Asignado (ISRAEL NEYRA SANCHEZ/OSCAR PUENTE AYALA/IRVING ALDRIGHETTI) @ 2026-09-29 11:55 → Confirmado en sitio (ISRAEL NEYRA SANCHEZ/OSCAR PUENTE AYALA/IRVING ALDRIGHETTI) @ 2026-09-29 11:58 → Cerrado @ 2026-09-29 13:35 → Liberado por OSCAR PUENTE AYALA @ 2026-09-29 14:51
162,Liberado,29/09/2026,Martes,40,Septiembre,POUCH,TOTANI 1,JORGE ADRIAN VEGA BARON,13:36,Alta,MECANICO,CORRECTIVO,SI,ISRAEL NEYRA SANCHEZ / OSCAR PUENTE AYALA,ISRAEL NEYRA SANCHEZ / OSCAR PUENTE AYALA,29/09/2026,13:37,Sí,29/09/2026,14:41,29/09/2026,13:37,1,0.02,64,1.07,0,1.09,SI,29/09/2026,14:51,OSCAR PUENTE AYALA,Falla rebobinador de tira ,Se retira banda y polea para ajustar la presión del tornillo ,SIN REFACCIONES x1,1°,Funcionando ,Solicitado @ 2026-09-29 13:36 → Asignado (ISRAEL NEYRA SANCHEZ/OSCAR PUENTE AYALA) @ 2026-09-29 13:37 → Confirmado en sitio (ISRAEL NEYRA SANCHEZ/OSCAR PUENTE AYALA) @ 2026-09-29 13:37 → Cerrado @ 2026-09-29 14:41 → Liberado por OSCAR PUENTE AYALA @ 2026-09-29 14:51
163,Liberado,29/09/2026,Martes,40,Septiembre,POUCH,CH1,JORGE ADRIAN VEGA BARON,13:40,Alta,NO APLICA,CORRECTIVO,NO APLICA,ISRAEL NEYRA SANCHEZ / OSCAR PUENTE AYALA / ROBERTO BADILLO / JORGE VEGA,JORGE VEGA,02/10/2026,09:00,Sí,02/10/2026,09:02,02/10/2026,09:01,4041,67.35,1,0.02,0,67.37,NO APLICA,02/10/2026,09:02,EFREN BUENDIA HERNANDEZ,Colocar estática en maquina ,"Cerrado, no llega refacción",SIN REFACCIONES x1,1°,,Solicitado @ 2026-09-29 13:40 → Asignado (ISRAEL NEYRA SANCHEZ/OSCAR PUENTE AYALA) @ 2026-09-29 22:17 → Asignación cancelada @ 2026-09-30 10:18 → Asignado (ROBERTO BADILLO) @ 2026-10-01 19:23 → Asignación cancelada @ 2026-10-01 19:23 → Asignado (JORGE VEGA) @ 2026-10-02 09:00 → Confirmado en sitio (JORGE VEGA) @ 2026-10-02 09:01 → Cerrado @ 2026-10-02 09:02 → Liberado por EFREN BUENDIA HERNANDEZ @ 2026-10-02 09:02
164,Liberado,29/09/2026,Martes,40,Septiembre,BOLSEO,CH2,JORGE ADRIAN VEGA BARON,13:41,Alta,ELECTRICO,CORRECTIVO,SI,ISRAEL NEYRA SANCHEZ / OSCAR PUENTE AYALA,ISRAEL NEYRA SANCHEZ / OSCAR PUENTE AYALA,29/09/2026,16:48,Sí,29/09/2026,21:41,29/09/2026,16:48,187,3.12,293,4.88,0,8,NO,29/09/2026,21:49,RODRIGO ALEJANDRO RODRIGUEZ TINAJERO,Instalar generador de vacío en maquina ,Se coloca motor de vacío ,SIN REFACCIONES x1,1°,,Solicitado @ 2026-09-29 13:41 → Asignado (ISRAEL NEYRA SANCHEZ/OSCAR PUENTE AYALA) @ 2026-09-29 16:48 → Confirmado en sitio (ISRAEL NEYRA SANCHEZ/OSCAR PUENTE AYALA) @ 2026-09-29 16:48 → Cerrado @ 2026-09-29 21:41 → Liberado por RODRIGO ALEJANDRO RODRIGUEZ TINAJERO @ 2026-09-29 21:49
165,Liberado,29/09/2026,Martes,40,Septiembre,IMPRESION,F4-2,JOSE GUERRERO LEON,14:51,Alta,NO APLICA,CORRECTIVO,NO APLICA,ISRAEL NEYRA SANCHEZ / OSCAR PUENTE AYALA / JORGE VEGA,JORGE VEGA,29/09/2026,16:06,Sí,29/09/2026,16:07,29/09/2026,16:06,75,1.25,1,0.02,0,1.27,NO APLICA,29/09/2026,18:35,RODRIGO ALEJANDRO RODRIGUEZ TINAJERO,Falla AVT,Cierre,SIN REFACCIONES x1,2°,,Solicitado @ 2026-09-29 14:51 → Asignado (ISRAEL NEYRA SANCHEZ/OSCAR PUENTE AYALA) @ 2026-09-29 14:53 → Asignación cancelada @ 2026-09-29 16:05 → Asignado (JORGE VEGA) @ 2026-09-29 16:06 → Confirmado en sitio (JORGE VEGA) @ 2026-09-29 16:06 → Cerrado @ 2026-09-29 16:07 → Liberado por RODRIGO ALEJANDRO RODRIGUEZ TINAJERO @ 2026-09-29 18:35
166,Liberado,29/09/2026,Martes,40,Septiembre,GENERAL,SERVICIOS,RODRIGO ALEJANDRO RODRIGUEZ TINAJERO,15:53,Alta,MECANICO,CORRECTIVO,SI,VICTOR ALFARO / ANTONIO ROSALES / ALEJANDRO RODRIGUEZ TINAJERO,VICTOR ALFARO / ANTONIO ROSALES / ALEJANDRO RODRIGUEZ TINAJERO,29/09/2026,15:54,Sí,29/09/2026,17:03,29/09/2026,15:58,5,0.08,65,1.08,0,1.16,SI,29/09/2026,18:35,RODRIGO ALEJANDRO RODRIGUEZ TINAJERO,Colocar manguera y regulador de aire ,Se coloca instalación neumática para pistola de clavos y de pintura ,SIN REFACCIONES x1,2°,,Solicitado @ 2026-09-29 15:53 → Asignado (VICTOR ALFARO/ANTONIO ROSALES) @ 2026-09-29 15:54 → Confirmado en sitio (VICTOR ALFARO/ANTONIO ROSALES) @ 2026-09-29 15:58 → Técnico agregado (ALEJANDRO RODRIGUEZ TINAJERO) @ 2026-09-29 17:02 → Cerrado @ 2026-09-29 17:03 → Liberado por RODRIGO ALEJANDRO RODRIGUEZ TINAJERO @ 2026-09-29 18:35
167,Liberado,29/09/2026,Martes,40,Septiembre,BOLSEO,SDAI 14,HUMBERTO SALVADOR JUAREZ RAMIREZ,16:09,Alta,MECANICO,CORRECTIVO,SI,ROBERTO BADILLO / CASTRO MENDOZA PAMELA YOSELIN,ROBERTO BADILLO / CASTRO MENDOZA PAMELA YOSELIN,29/09/2026,16:10,Sí,29/09/2026,21:42,29/09/2026,16:14,5,0.08,328,5.47,0,5.55,SI,29/09/2026,21:49,RODRIGO ALEJANDRO RODRIGUEZ TINAJERO,REALIZACION DE CUERDA A BARRENOS DE PINES,Se repara soportes. De pines  se refresca cuerda y se coloca.sobre su carril,SIN REFACCIONES x1,2°,,Solicitado @ 2026-09-29 16:09 → Asignado (ROBERTO BADILLO/CASTRO MENDOZA PAMELA YOSELIN) @ 2026-09-29 16:10 → Confirmado en sitio (ROBERTO BADILLO/CASTRO MENDOZA PAMELA YOSELIN) @ 2026-09-29 16:14 → Cerrado @ 2026-09-29 21:42 → Liberado por RODRIGO ALEJANDRO RODRIGUEZ TINAJERO @ 2026-09-29 21:49
168,Liberado,29/09/2026,Martes,40,Septiembre,BOLSEO,SDAI 8,Angel lozano,16:37,Alta,MECANICO,CORRECTIVO,SI,ALEJANDRO RODRIGUEZ TINAJERO / VICTOR ALFARO,ALEJANDRO RODRIGUEZ TINAJERO / VICTOR ALFARO,29/09/2026,17:03,Sí,29/09/2026,18:34,29/09/2026,17:05,28,0.47,89,1.48,0,1.95,SI,29/09/2026,18:35,RODRIGO ALEJANDRO RODRIGUEZ TINAJERO,Se solicita cambio de despunte ,Se revisa y se encuentra dañado el pespunte el cual se cambia nuevo,SIN REFACCIONES x1,2°,,Solicitado @ 2026-09-29 16:37 → Asignado (ALEJANDRO RODRIGUEZ TINAJERO/VICTOR ALFARO) @ 2026-09-29 17:03 → Confirmado en sitio (ALEJANDRO RODRIGUEZ TINAJERO/VICTOR ALFARO) @ 2026-09-29 17:05 → Cerrado @ 2026-09-29 18:34 → Liberado por RODRIGO ALEJANDRO RODRIGUEZ TINAJERO @ 2026-09-29 18:35
169,Liberado,29/09/2026,Martes,40,Septiembre,REFINADO,TIDE,VICTOR ROMERO,18:16,Alta,MECANICO,CORRECTIVO,SI,ALEJANDRO RODRIGUEZ TINAJERO / VICTOR ALFARO,ALEJANDRO RODRIGUEZ TINAJERO / VICTOR ALFARO,29/09/2026,18:36,Sí,29/09/2026,19:47,29/09/2026,18:44,28,0.47,63,1.05,0,1.52,SI,29/09/2026,19:50,RODRIGO ALEJANDRO RODRIGUEZ TINAJERO,RECTIFICAR EL RODILLO DE ARRASTRE NO JALA PAREJO EL MATRIAL,Se retira rodillo que se reporta dañado para su reparación ,SIN REFACCIONES x1,2°,,Solicitado @ 2026-09-29 18:16 → Asignado (ALEJANDRO RODRIGUEZ TINAJERO/VICTOR ALFARO) @ 2026-09-29 18:36 → Confirmado en sitio (ALEJANDRO RODRIGUEZ TINAJERO/VICTOR ALFARO) @ 2026-09-29 18:44 → Cerrado @ 2026-09-29 19:47 → Liberado por RODRIGO ALEJANDRO RODRIGUEZ TINAJERO @ 2026-09-29 19:50
170,Liberado,29/09/2026,Martes,40,Septiembre,IMPRESION,SERVICIOS,RODRIGO ALEJANDRO RODRIGUEZ TINAJERO,19:49,Alta,ELECTRICO,CORRECTIVO,SI,ALEJANDRO RODRIGUEZ TINAJERO / VICTOR ALFARO,ALEJANDRO RODRIGUEZ TINAJERO / VICTOR ALFARO,29/09/2026,19:50,Sí,29/09/2026,21:43,29/09/2026,19:51,2,0.03,112,1.87,0,1.9,SI,29/09/2026,21:49,RODRIGO ALEJANDRO RODRIGUEZ TINAJERO,Falla desmontadora,Se reviza desmontadora se encuentra dañado el.  Sensor de paro de cambia y se ajusta se calibra velocidad ,SIN REFACCIONES x1,2°,,Solicitado @ 2026-09-29 19:49 → Asignado (ALEJANDRO RODRIGUEZ TINAJERO/VICTOR ALFARO) @ 2026-09-29 19:50 → Confirmado en sitio (ALEJANDRO RODRIGUEZ TINAJERO/VICTOR ALFARO) @ 2026-09-29 19:51 → Cerrado @ 2026-09-29 21:43 → Liberado por RODRIGO ALEJANDRO RODRIGUEZ TINAJERO @ 2026-09-29 21:49
171,Liberado,29/09/2026,Martes,40,Septiembre,BOLSEO,D,DAVID ORDAZ FLORES,23:39,Alta,ELECTRICO,CORRECTIVO,SI,LUIS GERARDO HORTA / JOSE GARCIA,LUIS GERARDO HORTA / JOSE GARCIA,29/09/2026,23:50,Sí,30/09/2026,01:30,29/09/2026,23:42,3,0.05,108,1.8,0,1.85,NO,30/09/2026,08:38,EFREN BUENDIA HERNANDEZ,Fallo en el termopack,"Se reemplaza termopar, se ajustan parámetros y se hacen pruebas ",Termopar tipo J cabeza de zapata x1,3°,,Solicitado @ 2026-09-29 23:39 → Asignado (LUIS GERARDO HORTA/JOSE GARCIA) @ 2026-09-29 23:50 → Confirmado en sitio (LUIS GERARDO HORTA/JOSE GARCIA) @ 2026-09-29 23:42 → Cerrado @ 2026-09-30 01:30 → Liberado por EFREN BUENDIA HERNANDEZ @ 2026-09-30 08:38
172,Pendiente,30/09/2026,Miércoles,40,Septiembre,IMPRESION,SERVICIOS,ADRIANA CRUZ GARCIA,13:32,Alta,,CORRECTIVO,,,,,,No,,,,,,,,,0,,,,,,"Aterrizaje de máquinas de impresión, ollas, charolas antiderrame, contenedores de solvente.",,,,,Solicitado @ 2026-09-30 13:32
173,Liberado,30/09/2026,Miércoles,40,Septiembre,BOLSEO,CH2,RAYMUNDO MARTINEZ DIAZ,15:26,Alta,ELECTRICO,CORRECTIVO,SI,ROBERTO BADILLO / VICTOR ALFARO,ROBERTO BADILLO / VICTOR ALFARO,30/09/2026,15:28,Sí,30/09/2026,17:17,30/09/2026,15:31,5,0.08,106,1.77,0,1.85,SI,30/09/2026,17:45,RODRIGO ALEJANDRO RODRIGUEZ TINAJERO,CAMBIO DE PIEZA DE PERFORADORES DE SALIDA DE AIRE,Se reparo el alineador se. Colocan tornillos nuevos ,SIN REFACCIONES x1,2°,,Solicitado @ 2026-09-30 15:26 → Asignado (ROBERTO BADILLO/VICTOR ALFARO) @ 2026-09-30 15:27 → Asignación cancelada @ 2026-09-30 15:28 → Asignado (ROBERTO BADILLO/VICTOR ALFARO) @ 2026-09-30 15:28 → Confirmado en sitio (ROBERTO BADILLO/VICTOR ALFARO) @ 2026-09-30 15:31 → Cerrado @ 2026-09-30 17:17 → Liberado por RODRIGO ALEJANDRO RODRIGUEZ TINAJERO @ 2026-09-30 17:45
174,Liberado,30/09/2026,Miércoles,40,Septiembre,BOLSEO,H,BARBARA ELEN RAMOS CORONA,17:15,Alta,ELECTRICO,CORRECTIVO,SI,ROBERTO BADILLO / VICTOR ALFARO,ROBERTO BADILLO / VICTOR ALFARO,30/09/2026,17:17,Sí,30/09/2026,19:02,30/09/2026,17:31,16,0.27,91,1.52,0,1.79,SI,30/09/2026,19:03,RODRIGO ALEJANDRO RODRIGUEZ TINAJERO,FALLA DE FRENO   DEL  TENSOMETRO,Se revisa freno se repara variador de velocidad ,SIN REFACCIONES x1,2°,,Solicitado @ 2026-09-30 17:15 → Asignado (ROBERTO BADILLO/VICTOR ALFARO) @ 2026-09-30 17:17 → Confirmado en sitio (ROBERTO BADILLO/VICTOR ALFARO) @ 2026-09-30 17:31 → Cerrado @ 2026-09-30 19:02 → Liberado por RODRIGO ALEJANDRO RODRIGUEZ TINAJERO @ 2026-09-30 19:03
175,Liberado,30/09/2026,Miércoles,40,Septiembre,LAMINACION,NEXUS,RODRIGO ALEJANDRO RODRIGUEZ TINAJERO,17:45,Alta,ELECTRICO,CORRECTIVO,SI,ALEJANDRO RODRIGUEZ TINAJERO,ALEJANDRO RODRIGUEZ TINAJERO,30/09/2026,17:45,Sí,30/09/2026,19:13,30/09/2026,17:46,1,0.02,87,1.45,0,1.47,SI,30/09/2026,19:14,RODRIGO ALEJANDRO RODRIGUEZ TINAJERO,Se calienta motor desbobinador 1,Se reviza variador y motor que se encuentra muy caliente se enfría manualmente y se hacen pruebas ,SIN REFACCIONES x1,2°,,Solicitado @ 2026-09-30 17:45 → Asignado (ALEJANDRO RODRIGUEZ TINAJERO) @ 2026-09-30 17:45 → Confirmado en sitio (ALEJANDRO RODRIGUEZ TINAJERO) @ 2026-09-30 17:46 → Cerrado @ 2026-09-30 19:13 → Liberado por RODRIGO ALEJANDRO RODRIGUEZ TINAJERO @ 2026-09-30 19:14
176,Liberado,30/09/2026,Miércoles,40,Septiembre,GENERAL,SERVICIOS,RODRIGO ALEJANDRO RODRIGUEZ TINAJERO,17:47,Alta,HIDRAULICO,CORRECTIVO,NO,CASTRO MENDOZA PAMELA YOSELIN,CASTRO MENDOZA PAMELA YOSELIN,30/09/2026,17:48,Sí,30/09/2026,21:47,30/09/2026,18:01,14,0.23,226,3.77,0,4,NO,30/09/2026,21:48,RODRIGO ALEJANDRO RODRIGUEZ TINAJERO,Mantenimiento a bombas de tinta,Se arman. 2 bombas en el taller se queda 1de repuesto quedando pendiente terminar la segunda,SIN REFACCIONES x1,2°,,Solicitado @ 2026-09-30 17:47 → Asignado (CASTRO MENDOZA PAMELA YOSELIN) @ 2026-09-30 17:48 → Confirmado en sitio (CASTRO MENDOZA PAMELA YOSELIN) @ 2026-09-30 18:01 → Cerrado @ 2026-09-30 21:47 → Liberado por RODRIGO ALEJANDRO RODRIGUEZ TINAJERO @ 2026-09-30 21:48
177,Liberado,30/09/2026,Miércoles,40,Septiembre,IMPRESION,F4-3,REYNALDO LEAL SANCHEZ,17:50,Alta,ELECTRICO,CORRECTIVO,SI,ALEJANDRO RODRIGUEZ TINAJERO,ALEJANDRO RODRIGUEZ TINAJERO,30/09/2026,19:14,Sí,30/09/2026,21:46,30/09/2026,19:15,85,1.42,151,2.52,0,3.94,SI,30/09/2026,21:48,RODRIGO ALEJANDRO RODRIGUEZ TINAJERO,Alarma unidad 6,Se hace limpieza de conexiones de cables ethernet y de variadores ,SIN REFACCIONES x1,2°,,Solicitado @ 2026-09-30 17:50 → Asignado (ALEJANDRO RODRIGUEZ TINAJERO) @ 2026-09-30 19:14 → Confirmado en sitio (ALEJANDRO RODRIGUEZ TINAJERO) @ 2026-09-30 19:15 → Cerrado @ 2026-09-30 21:46 → Liberado por RODRIGO ALEJANDRO RODRIGUEZ TINAJERO @ 2026-09-30 21:48
178,Liberado,30/09/2026,Miércoles,40,Septiembre,IMPRESION,SERVICIOS,ADRIANA CRUZ GARCIA,18:25,Moderada,MECANICO,CORRECTIVO,NO APLICA,OSCAR PUENTE AYALA,OSCAR PUENTE AYALA,01/10/2026,10:43,Sí,01/10/2026,10:45,01/10/2026,10:44,979,16.32,1,0.02,0,16.34,NO APLICA,01/10/2026,13:01,ADRIANA CRUZ GARCIA,"CAMBIO FÍSICO DE BOTIQUIN DEL ÁREA DE IMPRESIÓN, MISMA UBICACIÓN OTRO BOTIQUIN",Se remplaza botiquín ,SIN REFACCIONES x1,1°,,Solicitado @ 2026-09-30 18:25 → Asignado (OSCAR PUENTE AYALA) @ 2026-10-01 10:43 → Confirmado en sitio (OSCAR PUENTE AYALA) @ 2026-10-01 10:44 → Cerrado @ 2026-10-01 10:45 → Liberado por ADRIANA CRUZ GARCIA @ 2026-10-01 13:01
179,Liberado,30/09/2026,Miércoles,40,Septiembre,IMPRESION,SERVICIOS,ADRIANA CRUZ GARCIA,18:28,Moderada,MECANICO,CORRECTIVO,NO APLICA,OSCAR PUENTE AYALA,OSCAR PUENTE AYALA,01/10/2026,10:18,Sí,01/10/2026,10:43,01/10/2026,10:19,951,15.85,24,0.4,0,16.25,NO APLICA,01/10/2026,13:03,ADRIANA CRUZ GARCIA,FALTA TAPA DE MAMUT DE MÁQUINA F2-2,Se reparan tapas y se colocan,SIN REFACCIONES x1,1°,,Solicitado @ 2026-09-30 18:28 → Asignado (OSCAR PUENTE AYALA) @ 2026-10-01 10:18 → Confirmado en sitio (OSCAR PUENTE AYALA) @ 2026-10-01 10:19 → Cerrado @ 2026-10-01 10:43 → Liberado por ADRIANA CRUZ GARCIA @ 2026-10-01 13:03
180,Pendiente,30/09/2026,Miércoles,40,Septiembre,OFICINAS,SERVICIOS,ADRIANA CRUZ GARCIA,18:40,Alta,,CORRECTIVO,,,,,,No,,,,,,,,,0,,,,,,"SELLADO DE HUECO EN MURO (COSTADO IZQUIERDO PARTE BAJA) A UN COSTADO DE SALIDA DE EMERGENCIA A PUNTO DE REUNIÓN PLANTA ALTA Y SELLADO DE COLADERA, COLOCACIÓN DE TAPA QUE PERMITA DRENAJE DE AGUA ",,,,,Solicitado @ 2026-09-30 18:40
181,Liberado,30/09/2026,Miércoles,40,Septiembre,IMPRESION,SERVICIOS,ADRIANA CRUZ GARCIA,18:47,Moderada,ELECTRICO,CORRECTIVO,NO APLICA,ISRAEL NEYRA SANCHEZ / OSCAR PUENTE AYALA,ISRAEL NEYRA SANCHEZ / OSCAR PUENTE AYALA,02/10/2026,13:19,Sí,02/10/2026,13:51,02/10/2026,13:20,2553,42.55,31,0.52,0,43.07,NO APLICA,02/10/2026,16:56,RODRIGO ALEJANDRO RODRIGUEZ TINAJERO,"ILUMINACIÓN: CAMBIO DE TUBO LED DE LAMPARA ARRIBA DE MÁQUINA F2-2, LÁMPARA PARPADEA",Cambio de lámpara ,SIN REFACCIONES x1,1°,,Solicitado @ 2026-09-30 18:47 → Asignado (ISRAEL NEYRA SANCHEZ/OSCAR PUENTE AYALA) @ 2026-10-02 13:19 → Confirmado en sitio (ISRAEL NEYRA SANCHEZ/OSCAR PUENTE AYALA) @ 2026-10-02 13:20 → Cerrado @ 2026-10-02 13:51 → Liberado por RODRIGO ALEJANDRO RODRIGUEZ TINAJERO @ 2026-10-02 16:56
182,Liberado,30/09/2026,Miércoles,40,Septiembre,BOLSEO,SDAI 15,BARBARA ELEN RAMOS CORONA,18:52,Alta,ELECTRICO,CORRECTIVO,SI,ROBERTO BADILLO / VICTOR ALFARO,ROBERTO BADILLO / VICTOR ALFARO,30/09/2026,19:04,Sí,30/09/2026,20:27,30/09/2026,19:06,14,0.23,81,1.35,0,1.58,SI,30/09/2026,20:27,RODRIGO ALEJANDRO RODRIGUEZ TINAJERO,Estática se quema,Se repara barra estática ,SIN REFACCIONES x1,2°,,Solicitado @ 2026-09-30 18:52 → Asignado (ROBERTO BADILLO/VICTOR ALFARO) @ 2026-09-30 19:04 → Confirmado en sitio (ROBERTO BADILLO/VICTOR ALFARO) @ 2026-09-30 19:06 → Cerrado @ 2026-09-30 20:27 → Liberado por RODRIGO ALEJANDRO RODRIGUEZ TINAJERO @ 2026-09-30 20:27
183,Liberado,30/09/2026,Miércoles,40,Septiembre,BOLSEO,F,BARBARA ELEN RAMOS CORONA,20:16,Alta,ELECTRICO,CORRECTIVO,SI,VICTOR ALFARO,VICTOR ALFARO,30/09/2026,20:27,Sí,30/09/2026,21:45,30/09/2026,20:33,17,0.28,72,1.2,0,1.48,SI,30/09/2026,21:48,RODRIGO ALEJANDRO RODRIGUEZ TINAJERO,VAREACION DE TEMPERATURA,Se cambia termopar y se calibran parámetros ,SIN REFACCIONES x1,2°,,Solicitado @ 2026-09-30 20:16 → Asignado (VICTOR ALFARO) @ 2026-09-30 20:27 → Confirmado en sitio (VICTOR ALFARO) @ 2026-09-30 20:33 → Cerrado @ 2026-09-30 21:45 → Liberado por RODRIGO ALEJANDRO RODRIGUEZ TINAJERO @ 2026-09-30 21:48
184,Liberado,30/09/2026,Miércoles,40,Septiembre,POUCH,TOTANI 7,AHAU QUITZE CASTILLO LOZANO,22:50,Alta,MECANICO,CORRECTIVO,SI,MIGUEL XOLALPA / FAUSTINO SOLIS / JOSE GARCIA,FAUSTINO SOLIS,30/09/2026,23:00,Sí,01/10/2026,05:20,30/09/2026,23:03,13,0.22,377,6.28,0,6.5,NO,01/10/2026,07:17,EFREN BUENDIA HERNANDEZ,tornillo roto de pistón  de cuchilla ,"Se hace reparación temporal en barras de transmisión de muelles y cuchilla de corte, baleros trabados y triángulo de cuchilla por tornillo degollado ",SIN REFACCIONES x1,3°,,Solicitado @ 2026-09-30 22:50 → Asignado (MIGUEL XOLALPA) @ 2026-09-30 23:00 → Confirmado en sitio (MIGUEL XOLALPA) @ 2026-09-30 23:03 → Técnico agregado (FAUSTINO SOLIS) @ 2026-09-30 23:03 → Técnico agregado (JOSE GARCIA) @ 2026-10-01 00:39 → Se retiró (MIGUEL XOLALPA) @ 2026-10-01 00:39 → Se retiró (JOSE GARCIA) @ 2026-10-01 04:29 → Cerrado @ 2026-10-01 05:20 → Liberado por EFREN BUENDIA HERNANDEZ @ 2026-10-01 07:17
185,Liberado,01/10/2026,Jueves,40,Octubre,IMPRESION,SERVICIOS,MARTIN BRANDON ALVAREZ RUIZ,00:40,Moderada,ELECTRICO,CORRECTIVO,NO,LUIS GERARDO HORTA / MIGUEL XOLALPA,LUIS GERARDO HORTA / MIGUEL XOLALPA,01/10/2026,00:51,Sí,01/10/2026,02:20,01/10/2026,00:52,12,0.2,88,1.47,0,1.67,SI,01/10/2026,07:17,EFREN BUENDIA HERNANDEZ,Movimiento de cableado y cistema en estantes ,Se retira estructura y lámpara en mueble a un lado de F2-2,SIN REFACCIONES x1,3°,,Solicitado @ 2026-10-01 00:40 → Asignado (LUIS GERARDO HORTA/MIGUEL XOLALPA) @ 2026-10-01 00:51 → Confirmado en sitio (LUIS GERARDO HORTA/MIGUEL XOLALPA) @ 2026-10-01 00:52 → Cerrado @ 2026-10-01 02:20 → Liberado por EFREN BUENDIA HERNANDEZ @ 2026-10-01 07:17
186,Liberado,01/10/2026,Jueves,40,Octubre,REFINADO,S2DS,MIGUEL ANGEL XOLALPA MANCERA,02:22,Alta,ELECTRICO,CORRECTIVO,SI,LUIS GERARDO HORTA / MIGUEL XOLALPA,LUIS GERARDO HORTA / MIGUEL XOLALPA,01/10/2026,02:23,Sí,01/10/2026,02:51,01/10/2026,02:24,2,0.03,27,0.45,0,0.48,SI,01/10/2026,07:16,EFREN BUENDIA HERNANDEZ,Maquina alarmada ,Se revisa alarma en Drivers de maquina ,SIN REFACCIONES x1,3°,,Solicitado @ 2026-10-01 02:22 → Asignado (LUIS GERARDO HORTA/MIGUEL XOLALPA) @ 2026-10-01 02:23 → Confirmado en sitio (LUIS GERARDO HORTA/MIGUEL XOLALPA) @ 2026-10-01 02:24 → Cerrado @ 2026-10-01 02:51 → Liberado por EFREN BUENDIA HERNANDEZ @ 2026-10-01 07:16
187,Liberado,01/10/2026,Jueves,40,Octubre,IMPRESION,FJ-2,JUAN ANTONIO GRANADOS TREJO,02:55,Alta,HIDRAULICO,CORRECTIVO,NO,LUIS GERARDO HORTA / MIGUEL XOLALPA,LUIS GERARDO HORTA / MIGUEL XOLALPA,01/10/2026,02:56,Sí,01/10/2026,03:58,01/10/2026,02:56,1,0.02,62,1.03,0,1.05,SI,01/10/2026,07:16,EFREN BUENDIA HERNANDEZ,Fuga en bomba ,Se revisa fuga de tinta en sistema ,SIN REFACCIONES x1,3°,,Solicitado @ 2026-10-01 02:55 → Asignado (LUIS GERARDO HORTA/MIGUEL XOLALPA) @ 2026-10-01 02:56 → Confirmado en sitio (LUIS GERARDO HORTA/MIGUEL XOLALPA) @ 2026-10-01 02:56 → Cerrado @ 2026-10-01 03:58 → Liberado por EFREN BUENDIA HERNANDEZ @ 2026-10-01 07:16
188,Liberado,01/10/2026,Jueves,40,Octubre,POUCH,TOTANI 3,AHAU QUITZE CASTILLO LOZANO,03:48,Alta,ELECTRICO,CORRECTIVO,SI,MIGUEL XOLALPA,MIGUEL XOLALPA,01/10/2026,03:58,Sí,01/10/2026,05:09,01/10/2026,03:59,11,0.18,70,1.17,0,1.35,SI,01/10/2026,07:16,EFREN BUENDIA HERNANDEZ,CORTO EN  PLACA ,"Se revisa corto en sensores de cuchilla, se reconecta, se reinicia tarjeta y variadores",SIN REFACCIONES x1,3°,,Solicitado @ 2026-10-01 03:48 → Asignado (MIGUEL XOLALPA) @ 2026-10-01 03:58 → Confirmado en sitio (MIGUEL XOLALPA) @ 2026-10-01 03:59 → Cerrado @ 2026-10-01 05:09 → Liberado por EFREN BUENDIA HERNANDEZ @ 2026-10-01 07:16
189,Liberado,01/10/2026,Jueves,40,Octubre,BOLSEO,DOBLADORA 2,RICARDO RUPERTO MARTINEZ,04:17,Alta,NEUMATICO,CORRECTIVO,SI,LUIS GERARDO HORTA / MIGUEL XOLALPA / FAUSTINO SOLIS,MIGUEL XOLALPA / FAUSTINO SOLIS,01/10/2026,05:10,Sí,01/10/2026,05:58,01/10/2026,05:10,53,0.88,48,0.8,0,1.68,NO APLICA,01/10/2026,07:16,EFREN BUENDIA HERNANDEZ,TIENE FUGA TIENE FUGA LA FLECHA QUE AGARRA EL ROLLO,Se requiere enviar a reparación flecha neumática de rebobinador ,SIN REFACCIONES x1,3°,,Solicitado @ 2026-10-01 04:17 → Asignado (LUIS GERARDO HORTA) @ 2026-10-01 04:35 → Asignación cancelada @ 2026-10-01 05:10 → Asignado (MIGUEL XOLALPA) @ 2026-10-01 05:10 → Confirmado en sitio (MIGUEL XOLALPA) @ 2026-10-01 05:10 → Técnico agregado (FAUSTINO SOLIS) @ 2026-10-01 05:20 → Cerrado @ 2026-10-01 05:58 → Liberado por EFREN BUENDIA HERNANDEZ @ 2026-10-01 07:16
190,Liberado,01/10/2026,Jueves,40,Octubre,IMPRESION,F2-3,GUSTAVO HERRERA GUEVARA,07:32,Alta,ELECTRICO,CORRECTIVO,SI,MAURICIO SANTES,MAURICIO SANTES,01/10/2026,08:02,Sí,01/10/2026,09:00,01/10/2026,08:03,31,0.52,57,0.95,0,1.47,SI,01/10/2026,15:07,EFREN BUENDIA HERNANDEZ,Alarma tinteros 4 y 5  núm 1625 ,Se realiza limpieza en terminales de conexión ethernet en módulos del tintero 4 y 5 ,SIN REFACCIONES x1,1°,Maquina funcionando ,Solicitado @ 2026-10-01 07:32 → Asignado (MAURICIO SANTES) @ 2026-10-01 08:02 → Confirmado en sitio (MAURICIO SANTES) @ 2026-10-01 08:03 → Cerrado @ 2026-10-01 09:00 → Liberado por EFREN BUENDIA HERNANDEZ @ 2026-10-01 15:07
191,Liberado,01/10/2026,Jueves,40,Octubre,IMPRESION,SERVICIOS,ALEXANDRA GARCIA PEÑA,07:34,Alta,NO APLICA,CORRECTIVO,NO APLICA,MARTIN ALVAREZ,MARTIN ALVAREZ,01/10/2026,07:35,Sí,01/10/2026,13:33,01/10/2026,07:36,2,0.03,357,5.95,0,5.98,NO APLICA,01/10/2026,15:07,EFREN BUENDIA HERNANDEZ,Restauración de mueble F2-2,Restauración de mueble f2-2 en imprecion ,SIN REFACCIONES x2,1°,,Solicitado @ 2026-10-01 07:34 → Asignado (MARTIN ALVAREZ) @ 2026-10-01 07:35 → Confirmado en sitio (MARTIN ALVAREZ) @ 2026-10-01 07:36 → Cerrado @ 2026-10-01 13:33 → Liberado por EFREN BUENDIA HERNANDEZ @ 2026-10-01 15:07
192,Liberado,01/10/2026,Jueves,40,Octubre,IMPRESION,F2-2,Óscar pue,10:05,Alta,ELECTRICO,CORRECTIVO,NO,MAURICIO SANTES / ANTONIO ROSALES / DANTE GONZALEZ ALVA,DANTE GONZALEZ ALVA / MAURICIO SANTES,01/10/2026,10:22,Sí,01/10/2026,21:23,01/10/2026,10:22,17,0.28,661,11.02,0,11.3,NO,01/10/2026,21:41,RODRIGO ALEJANDRO RODRIGUEZ TINAJERO,Colocar contactos para mesa de pruebas y checador ,"Se reparan cables. Dañados. 
Y se limpian variadores ",SIN REFACCIONES x1,1°,,Solicitado @ 2026-10-01 10:05 → Asignado (MAURICIO SANTES/ANTONIO ROSALES) @ 2026-10-01 10:06 → Asignación cancelada @ 2026-10-01 10:22 → Asignado (DANTE GONZALEZ ALVA/MAURICIO SANTES) @ 2026-10-01 10:22 → Confirmado en sitio (DANTE GONZALEZ ALVA/MAURICIO SANTES) @ 2026-10-01 10:22 → Cerrado @ 2026-10-01 21:23 → Liberado por RODRIGO ALEJANDRO RODRIGUEZ TINAJERO @ 2026-10-01 21:41
193,Liberado,01/10/2026,Jueves,40,Octubre,ALMACEN,SERVICIOS,SAUL FRANCISCO OLASCOAGA MARTINEZ,10:46,Alta,MECANICO,CORRECTIVO,NO APLICA,ISRAEL NEYRA SANCHEZ / IRVING ALDRIGHETTI,ISRAEL NEYRA SANCHEZ / IRVING ALDRIGHETTI,01/10/2026,10:46,Sí,01/10/2026,16:25,01/10/2026,10:47,1,0.02,338,5.63,0,5.65,NO APLICA,01/10/2026,18:48,RODRIGO ALEJANDRO RODRIGUEZ TINAJERO,Cortina de bodega dañada ,"Se retira el ángulo dañado de la cortina y se fabrica uno nuevo, se instala y se deja cortina funcional ",SIN REFACCIONES x1,1°,,Solicitado @ 2026-10-01 10:46 → Asignado (ISRAEL NEYRA SANCHEZ/IRVING ALDRIGHETTI) @ 2026-10-01 10:46 → Confirmado en sitio (ISRAEL NEYRA SANCHEZ/IRVING ALDRIGHETTI) @ 2026-10-01 10:47 → Cerrado @ 2026-10-01 16:25 → Liberado por RODRIGO ALEJANDRO RODRIGUEZ TINAJERO @ 2026-10-01 18:48
194,Liberado,01/10/2026,Jueves,40,Octubre,BOLSEO,MA1,EDUARDO ALEJANDRO LOREDO SALINAS,10:50,Moderada,ELECTRICO,CORRECTIVO,SI,EDUARDO LOREDO / ANTONIO ROSALES / VICTOR ALFARO,EDUARDO LOREDO / ANTONIO ROSALES / VICTOR ALFARO,01/10/2026,10:50,Sí,01/10/2026,18:58,01/10/2026,10:51,1,0.02,487,8.12,0,8.14,SI,01/10/2026,19:25,RODRIGO ALEJANDRO RODRIGUEZ TINAJERO,Continuar con la puesta en marcha de maquina MA1,Puesta en marcha ,SIN REFACCIONES x1,1°,,Solicitado @ 2026-10-01 10:50 → Asignado (EDUARDO LOREDO) @ 2026-10-01 10:50 → Confirmado en sitio (EDUARDO LOREDO) @ 2026-10-01 10:51 → Técnico agregado (ANTONIO ROSALES) @ 2026-10-01 10:51 → Técnico agregado (VICTOR ALFARO) @ 2026-10-01 15:12 → Cerrado @ 2026-10-01 18:58 → Liberado por RODRIGO ALEJANDRO RODRIGUEZ TINAJERO @ 2026-10-01 19:25
195,Liberado,01/10/2026,Jueves,40,Octubre,POUCH,TOTANI 1,JESUS JERONIMO BARRERA,11:34,Alta,ELECTRICO,CORRECTIVO,SI,OSCAR PUENTE AYALA,OSCAR PUENTE AYALA,01/10/2026,11:35,Sí,01/10/2026,12:01,01/10/2026,11:35,1,0.02,26,0.43,0,0.45,SI,01/10/2026,12:12,JUAN JOSE ESCALANTE LUCIO,Corto en placa ,Se remplaza ssr dañado y se aislan terminales de resistencia ,Relevador estado solido 50A 24V control SSRPCDS50A1 x1,1°,Funcionando ,Solicitado @ 2026-10-01 11:34 → Asignado (OSCAR PUENTE AYALA) @ 2026-10-01 11:35 → Confirmado en sitio (OSCAR PUENTE AYALA) @ 2026-10-01 11:35 → Cerrado @ 2026-10-01 12:01 → Liberado por JUAN JOSE ESCALANTE LUCIO @ 2026-10-01 12:12
196,Liberado,01/10/2026,Jueves,40,Octubre,POUCH,TOTANI 3,JESUS JERONIMO BARRERA,11:34,Alta,ELECTRICO,CORRECTIVO,SI,OSCAR PUENTE AYALA,OSCAR PUENTE AYALA,01/10/2026,12:01,Sí,01/10/2026,13:41,01/10/2026,12:02,28,0.47,99,1.65,0,2.12,SI,01/10/2026,15:07,EFREN BUENDIA HERNANDEZ,Corto en resistencia 3,"Se realiza el remplazo de resistencia placa inferior debido a un corto 
Se cambia cableado y se colocan aislantes térmicos 
Se remplaza relevador y termopar 
",Resistencia 200V 1500W x2 / Relevador estado solido 50A 24V control SSRPCDS50A1 x1 / Termopar tipo J cabeza de zapata x1,1°,Maquina funcionando ,Solicitado @ 2026-10-01 11:34 → Asignado (OSCAR PUENTE AYALA) @ 2026-10-01 12:01 → Confirmado en sitio (OSCAR PUENTE AYALA) @ 2026-10-01 12:02 → Cerrado @ 2026-10-01 13:41 → Liberado por EFREN BUENDIA HERNANDEZ @ 2026-10-01 15:07
197,Pendiente,01/10/2026,Jueves,40,Octubre,BOLSEO,SDAI 4,JONATHAN HERNANDEZ GUARNEROS,12:24,Alta,,CORRECTIVO,,,,,,No,,,,,,,,,0,,,,,,FUGA DE AGUA EN EL FAI,,,,,Solicitado @ 2026-10-01 12:24
198,Liberado,01/10/2026,Jueves,40,Octubre,POUCH,TOTANI 7,JULIO ALBERTO GUZMAN MANUEL,12:39,Alta,MECANICO,CORRECTIVO,SI,OSCAR PUENTE AYALA,OSCAR PUENTE AYALA,01/10/2026,13:43,Sí,01/10/2026,15:09,01/10/2026,13:44,65,1.08,85,1.42,0,2.5,SI,01/10/2026,16:19,RODRIGO ALEJANDRO RODRIGUEZ TINAJERO,SE ROMPE TORTILLO DE CUCHILLA ,Se realiza reparación de cuchilla de corte debido a tornillo degollado ,SIN REFACCIONES x1,1°,Funcionando ,Solicitado @ 2026-10-01 12:39 → Asignado (OSCAR PUENTE AYALA) @ 2026-10-01 13:43 → Confirmado en sitio (OSCAR PUENTE AYALA) @ 2026-10-01 13:44 → Cerrado @ 2026-10-01 15:09 → Liberado por RODRIGO ALEJANDRO RODRIGUEZ TINAJERO @ 2026-10-01 16:19
199,Liberado,01/10/2026,Jueves,40,Octubre,MANTENIMIENTO,SERVICIOS,ADRIANA CRUZ GARCIA,13:00,Moderada,MECANICO,CORRECTIVO,NO APLICA,OSCAR PUENTE AYALA,OSCAR PUENTE AYALA,01/10/2026,15:11,Sí,01/10/2026,18:31,01/10/2026,18:30,330,5.5,1,0.02,0,5.52,NO APLICA,01/10/2026,18:47,RODRIGO ALEJANDRO RODRIGUEZ TINAJERO,Mantenimiento: colocar botiquín de primeros auxilios.,Colocación de botiquín ,SIN REFACCIONES x1,2°,,Solicitado @ 2026-10-01 13:00 → Asignado (OSCAR PUENTE AYALA) @ 2026-10-01 15:11 → Confirmado en sitio (OSCAR PUENTE AYALA) @ 2026-10-01 18:30 → Cerrado @ 2026-10-01 18:31 → Liberado por RODRIGO ALEJANDRO RODRIGUEZ TINAJERO @ 2026-10-01 18:47
200,Liberado,01/10/2026,Jueves,40,Octubre,IMPRESION,FJ-2,RODRIGO ALEJANDRO RODRIGUEZ TINAJERO,16:21,Alta,MECANICO,CORRECTIVO,NO,ROBERTO BADILLO / ALEJANDRO RODRIGUEZ TINAJERO,ROBERTO BADILLO,01/10/2026,16:21,Sí,01/10/2026,18:01,01/10/2026,16:22,1,0.02,99,1.65,0,1.67,NO,01/10/2026,18:47,RODRIGO ALEJANDRO RODRIGUEZ TINAJERO,Falla charola de tinta ,Se repara charola de tinta ,SIN REFACCIONES x1,2°,,Solicitado @ 2026-10-01 16:21 → Asignado (ROBERTO BADILLO/ALEJANDRO RODRIGUEZ TINAJERO) @ 2026-10-01 16:21 → Confirmado en sitio (ROBERTO BADILLO/ALEJANDRO RODRIGUEZ TINAJERO) @ 2026-10-01 16:22 → Se retiró (ALEJANDRO RODRIGUEZ TINAJERO) @ 2026-10-01 17:27 → Cerrado @ 2026-10-01 18:01 → Liberado por RODRIGO ALEJANDRO RODRIGUEZ TINAJERO @ 2026-10-01 18:47
201,Liberado,01/10/2026,Jueves,40,Octubre,IMPRESION,F4-3,Jose Guerrero,17:24,Alta,ELECTRICO,CORRECTIVO,SI,ALEJANDRO RODRIGUEZ TINAJERO,ALEJANDRO RODRIGUEZ TINAJERO,01/10/2026,17:27,Sí,01/10/2026,18:47,01/10/2026,17:28,4,0.07,79,1.32,0,1.39,NO,01/10/2026,18:47,RODRIGO ALEJANDRO RODRIGUEZ TINAJERO,,Se hace limpieza de conexiones de cables ethernet y de conectores de variadores ,SIN REFACCIONES x1,2°,,Solicitado @ 2026-10-01 17:24 → Asignado (ALEJANDRO RODRIGUEZ TINAJERO) @ 2026-10-01 17:27 → Confirmado en sitio (ALEJANDRO RODRIGUEZ TINAJERO) @ 2026-10-01 17:28 → Cerrado @ 2026-10-01 18:47 → Liberado por RODRIGO ALEJANDRO RODRIGUEZ TINAJERO @ 2026-10-01 18:47
202,Liberado,01/10/2026,Jueves,40,Octubre,REFINADO,COMEXI,VICTOR MANUEL ROMERO FLORES,17:36,Alta,MECANICO,CORRECTIVO,SI,ISRAEL NEYRA SANCHEZ / IRVING ALDRIGHETTI,ISRAEL NEYRA SANCHEZ / IRVING ALDRIGHETTI,01/10/2026,18:27,Sí,01/10/2026,18:30,01/10/2026,18:28,52,0.87,2,0.03,0,0.9,SI,01/10/2026,18:47,RODRIGO ALEJANDRO RODRIGUEZ TINAJERO,CAMBIO DE RODILLO DE LA FLECHA EMBOBINADORA,Cambio de rodillo ,SIN REFACCIONES x1,2°,,Solicitado @ 2026-10-01 17:36 → Asignado (ISRAEL NEYRA SANCHEZ/IRVING ALDRIGHETTI) @ 2026-10-01 18:27 → Confirmado en sitio (ISRAEL NEYRA SANCHEZ/IRVING ALDRIGHETTI) @ 2026-10-01 18:28 → Cerrado @ 2026-10-01 18:30 → Liberado por RODRIGO ALEJANDRO RODRIGUEZ TINAJERO @ 2026-10-01 18:47
203,Liberado,01/10/2026,Jueves,40,Octubre,POUCH,TOTANI 1,RODRIGO ALEJANDRO RODRIGUEZ TINAJERO,18:49,Alta,ELECTRICO,CORRECTIVO,NO,ALEJANDRO RODRIGUEZ TINAJERO,ALEJANDRO RODRIGUEZ TINAJERO,01/10/2026,18:50,Sí,01/10/2026,20:07,01/10/2026,18:50,1,0.02,75,1.25,2,1.27,NO,01/10/2026,20:07,RODRIGO ALEJANDRO RODRIGUEZ TINAJERO,Descarga eléctrica de Rollo embobinador ,Se coloca cable aterrizando el módulo embobinador de tira para descarga de estática ,SIN REFACCIONES x1,2°,,Solicitado @ 2026-10-01 18:49 → Asignado (ALEJANDRO RODRIGUEZ TINAJERO) @ 2026-10-01 18:50 → Confirmado en sitio (ALEJANDRO RODRIGUEZ TINAJERO) @ 2026-10-01 18:50 → Pausado @ 2026-10-01 19:29 → Reanudado (ALEJANDRO RODRIGUEZ TINAJERO) @ 2026-10-01 19:31 → Cerrado @ 2026-10-01 20:07 → Liberado por RODRIGO ALEJANDRO RODRIGUEZ TINAJERO @ 2026-10-01 20:07
204,Liberado,01/10/2026,Jueves,40,Octubre,BOLSEO,CH2,RODRIGO ALEJANDRO RODRIGUEZ TINAJERO,19:24,Alta,MECANICO,CORRECTIVO,NO,ROBERTO BADILLO / ALEJANDRO RODRIGUEZ TINAJERO,ROBERTO BADILLO,01/10/2026,19:30,Sí,01/10/2026,21:37,01/10/2026,19:30,6,0.1,127,2.12,0,2.22,NO,01/10/2026,21:41,RODRIGO ALEJANDRO RODRIGUEZ TINAJERO,Reparación Fuelle,Se repara fuelle y se adapta a la máquina ,SIN REFACCIONES x1,2°,,Solicitado @ 2026-10-01 19:24 → Asignado (ROBERTO BADILLO) @ 2026-10-01 19:24 → Asignación cancelada @ 2026-10-01 19:30 → Asignado (ROBERTO BADILLO/ALEJANDRO RODRIGUEZ TINAJERO) @ 2026-10-01 19:30 → Confirmado en sitio (ROBERTO BADILLO/ALEJANDRO RODRIGUEZ TINAJERO) @ 2026-10-01 19:30 → Se retiró (ALEJANDRO RODRIGUEZ TINAJERO) @ 2026-10-01 19:31 → Cerrado @ 2026-10-01 21:37 → Liberado por RODRIGO ALEJANDRO RODRIGUEZ TINAJERO @ 2026-10-01 21:41
205,Liberado,01/10/2026,Jueves,40,Octubre,IMPRESION,SERVICIOS,RODRIGO ALEJANDRO RODRIGUEZ TINAJERO,19:28,Alta,NEUMATICO,CORRECTIVO,NO,CASTRO MENDOZA PAMELA YOSELIN,CASTRO MENDOZA PAMELA YOSELIN,01/10/2026,19:29,Sí,01/10/2026,21:34,01/10/2026,19:32,4,0.07,122,2.03,0,2.1,NO,01/10/2026,21:38,RODRIGO ALEJANDRO RODRIGUEZ TINAJERO,Mantenimiento a bomba en taller ,"Se repara bomba. 
Y se  deja de repuesto ",SIN REFACCIONES x1,2°,,Solicitado @ 2026-10-01 19:28 → Asignado (CASTRO MENDOZA PAMELA YOSELIN) @ 2026-10-01 19:29 → Confirmado en sitio (CASTRO MENDOZA PAMELA YOSELIN) @ 2026-10-01 19:32 → Cerrado @ 2026-10-01 21:34 → Liberado por RODRIGO ALEJANDRO RODRIGUEZ TINAJERO @ 2026-10-01 21:38
206,Liberado,01/10/2026,Jueves,40,Octubre,POUCH,TOTANI 2,DIEGO ANDRES RESENDIZ CASTILLO,19:34,Alta,ELECTRICO,CORRECTIVO,SI,VICTOR ALFARO / ALEJANDRO RODRIGUEZ TINAJERO,VICTOR ALFARO / ALEJANDRO RODRIGUEZ TINAJERO,01/10/2026,19:37,Sí,01/10/2026,21:22,01/10/2026,19:42,8,0.13,100,1.67,0,1.8,SI,01/10/2026,21:38,RODRIGO ALEJANDRO RODRIGUEZ TINAJERO,falla de sello lateral zona 1 se apaga,Se  cambia sensor de temperatura y se reparan cables dañados ,SIN REFACCIONES x1,2°,,Solicitado @ 2026-10-01 19:34 → Asignado (VICTOR ALFARO) @ 2026-10-01 19:37 → Confirmado en sitio (VICTOR ALFARO) @ 2026-10-01 19:42 → Técnico agregado (ALEJANDRO RODRIGUEZ TINAJERO) @ 2026-10-01 20:08 → Cerrado @ 2026-10-01 21:22 → Liberado por RODRIGO ALEJANDRO RODRIGUEZ TINAJERO @ 2026-10-01 21:38
207,Liberado,01/10/2026,Jueves,40,Octubre,POUCH,TOTANI 7,DIEGO ANDRES RESENDIZ CASTILLO,21:20,Alta,MECANICO,CORRECTIVO,SI,MIGUEL XOLALPA / LUIS GERARDO HORTA / FAUSTINO SOLIS,MIGUEL XOLALPA / LUIS GERARDO HORTA / FAUSTINO SOLIS,01/10/2026,22:19,Sí,02/10/2026,00:23,01/10/2026,22:19,59,0.98,124,2.07,0,3.05,SI,02/10/2026,07:03,EFREN BUENDIA HERNANDEZ,SE ROMPE TORNILLO DE PISTON DE LA CUCHILLA ,"Se revisa falla por tornillo degolado, se ajusta cuchilla, se hacen pruebas ",SIN REFACCIONES x1,3°,,Solicitado @ 2026-10-01 21:20 → Asignado (MIGUEL XOLALPA) @ 2026-10-01 22:19 → Confirmado en sitio (MIGUEL XOLALPA) @ 2026-10-01 22:19 → Técnico agregado (LUIS GERARDO HORTA/FAUSTINO SOLIS) @ 2026-10-01 23:04 → Se retiró (FAUSTINO SOLIS) @ 2026-10-01 23:18 → Técnico agregado (FAUSTINO SOLIS) @ 2026-10-01 23:55 → Cerrado @ 2026-10-02 00:23 → Liberado por EFREN BUENDIA HERNANDEZ @ 2026-10-02 07:03
208,Liberado,02/10/2026,Viernes,40,Octubre,BOLSEO,SERVICIOS,LUIS GERARDO CASTRO REYES,00:54,Moderada,MECANICO,CORRECTIVO,NO,LUIS GERARDO HORTA / FAUSTINO SOLIS,FAUSTINO SOLIS / LUIS GERARDO HORTA,02/10/2026,01:03,Sí,02/10/2026,03:12,02/10/2026,00:56,2,0.03,136,2.27,0,2.3,NO APLICA,02/10/2026,07:03,EFREN BUENDIA HERNANDEZ,se requiere servicio para modificar banco de sdai 4,Se modifica bando de perforadores a petición y especificaciones de supervisor ,SIN REFACCIONES x1,3°,,Solicitado @ 2026-10-02 00:54 → Asignado (LUIS GERARDO HORTA/FAUSTINO SOLIS) @ 2026-10-02 01:03 → Confirmado en sitio (LUIS GERARDO HORTA/FAUSTINO SOLIS) @ 2026-10-02 00:56 → Se retiró (LUIS GERARDO HORTA) @ 2026-10-02 01:21 → Técnico agregado (LUIS GERARDO HORTA) @ 2026-10-02 02:22 → Cerrado @ 2026-10-02 03:12 → Liberado por EFREN BUENDIA HERNANDEZ @ 2026-10-02 07:03
209,Liberado,02/10/2026,Viernes,40,Octubre,POUCH,TOTANI 5,VICENTE DE LA CRUZ TREJO,01:07,Alta,MECANICO,CORRECTIVO,NO,MIGUEL XOLALPA,MIGUEL XOLALPA,02/10/2026,01:08,Sí,02/10/2026,03:14,02/10/2026,01:08,1,0.02,126,2.1,0,2.12,NO APLICA,02/10/2026,07:02,EFREN BUENDIA HERNANDEZ,Banco de perforadores con tornillos dañados ,"Se hacen cuerdas dañadas de banco, se adaptan nuevos barrenos ",SIN REFACCIONES x1,3°,,Solicitado @ 2026-10-02 01:07 → Asignado (MIGUEL XOLALPA) @ 2026-10-02 01:08 → Confirmado en sitio (MIGUEL XOLALPA) @ 2026-10-02 01:08 → Cerrado @ 2026-10-02 03:14 → Liberado por EFREN BUENDIA HERNANDEZ @ 2026-10-02 07:02
210,Liberado,02/10/2026,Viernes,40,Octubre,IMPRESION,F4-1,JUAN JOSE GONZALEZ LARA,01:09,Alta,ELECTRICO,CORRECTIVO,SI,LUIS GERARDO HORTA,LUIS GERARDO HORTA,02/10/2026,01:21,Sí,02/10/2026,02:21,02/10/2026,01:13,4,0.07,68,1.13,0,1.2,NO,02/10/2026,07:02,EFREN BUENDIA HERNANDEZ,Alarma tintero 1,Se revisa alarma por sobrecalentamiento de motor AX1,SIN REFACCIONES x1,3°,,Solicitado @ 2026-10-02 01:09 → Asignado (LUIS GERARDO HORTA) @ 2026-10-02 01:21 → Confirmado en sitio (LUIS GERARDO HORTA) @ 2026-10-02 01:13 → Cerrado @ 2026-10-02 02:21 → Liberado por EFREN BUENDIA HERNANDEZ @ 2026-10-02 07:02
211,Liberado,02/10/2026,Viernes,40,Octubre,BOLSEO,SDAI 13,GUSTAVO,03:16,Alta,MECANICO,CORRECTIVO,SI,MIGUEL XOLALPA / FAUSTINO SOLIS,MIGUEL XOLALPA / FAUSTINO SOLIS,02/10/2026,03:26,Sí,02/10/2026,04:03,02/10/2026,03:31,15,0.25,32,0.53,0,0.78,NO,02/10/2026,07:02,EFREN BUENDIA HERNANDEZ,SE ROMPIO LA BAMDA DEL FRENO SE SOLESITA CAMBIAR ,Se reemplaza banda dañada de motor de balancin ,Banda A-39 x1,3°,,Solicitado @ 2026-10-02 03:16 → Asignado (MIGUEL XOLALPA/FAUSTINO SOLIS) @ 2026-10-02 03:26 → Confirmado en sitio (MIGUEL XOLALPA/FAUSTINO SOLIS) @ 2026-10-02 03:31 → Cerrado @ 2026-10-02 04:03 → Liberado por EFREN BUENDIA HERNANDEZ @ 2026-10-02 07:02
212,Liberado,02/10/2026,Viernes,40,Octubre,POUCH,TOTANI 3,JULIO ALBERTO GUZMAN MANUEL,07:18,Alta,ELECTRICO,CORRECTIVO,SI,OSCAR PUENTE AYALA,OSCAR PUENTE AYALA,02/10/2026,08:18,Sí,02/10/2026,08:48,02/10/2026,08:19,61,1.02,29,0.48,0,1.5,SI,02/10/2026,08:55,JESUS JERONIMO BARRERA,alarma en el freno,Se revisa tarjeta de control debido a señal de salida dañado se cambia de canal ,SIN REFACCIONES x1,1°,,Solicitado @ 2026-10-02 07:18 → Asignado (OSCAR PUENTE AYALA) @ 2026-10-02 08:18 → Confirmado en sitio (OSCAR PUENTE AYALA) @ 2026-10-02 08:19 → Cerrado @ 2026-10-02 08:48 → Liberado por JESUS JERONIMO BARRERA @ 2026-10-02 08:55
213,Liberado,02/10/2026,Viernes,40,Octubre,BOLSEO,SDAI 13,GUSTAVO ADOLFO HERNANDEZ AMBRIZ,08:40,Alta,MECANICO,CORRECTIVO,SI,IRVING ALDRIGHETTI,IRVING ALDRIGHETTI,02/10/2026,08:47,Sí,02/10/2026,10:57,02/10/2026,08:49,9,0.15,128,2.13,0,2.28,SI,02/10/2026,11:24,EFREN BUENDIA HERNANDEZ,TORNILLO DE BASE DE PERFORADORES ROTO,Se repara y rectifica cuerda para perforadores ,SIN REFACCIONES x1,1°,,Solicitado @ 2026-10-02 08:40 → Asignado (IRVING ALDRIGHETTI) @ 2026-10-02 08:47 → Confirmado en sitio (IRVING ALDRIGHETTI) @ 2026-10-02 08:49 → Cerrado @ 2026-10-02 10:57 → Liberado por EFREN BUENDIA HERNANDEZ @ 2026-10-02 11:24
214,Liberado,02/10/2026,Viernes,40,Octubre,IMPRESION,F4-3,Jose Guerrero,08:59,Alta,MECANICO,CORRECTIVO,NO APLICA,ISRAEL NEYRA SANCHEZ,ISRAEL NEYRA SANCHEZ,02/10/2026,09:21,Sí,02/10/2026,12:26,02/10/2026,11:40,161,2.68,46,0.77,0,3.45,NO APLICA,02/10/2026,16:56,RODRIGO ALEJANDRO RODRIGUEZ TINAJERO,Soldar la copa de medición de  viscosidades ,Se repara pieza rota,SIN REFACCIONES x1,1°,,Solicitado @ 2026-10-02 08:59 → Asignado (ISRAEL NEYRA SANCHEZ) @ 2026-10-02 09:21 → Confirmado en sitio (ISRAEL NEYRA SANCHEZ) @ 2026-10-02 11:40 → Cerrado @ 2026-10-02 12:26 → Liberado por RODRIGO ALEJANDRO RODRIGUEZ TINAJERO @ 2026-10-02 16:56
215,Liberado,02/10/2026,Viernes,40,Octubre,BOLSEO,CH1,ISRAEL ROMERO TORRES,09:16,Alta,ELECTRONICO,CORRECTIVO,SI,OSCAR PUENTE AYALA,OSCAR PUENTE AYALA,02/10/2026,09:23,Sí,02/10/2026,10:55,02/10/2026,09:24,8,0.13,91,1.52,0,1.65,SI,02/10/2026,11:24,EFREN BUENDIA HERNANDEZ,REVIZAR BRAZOS SUCCIONADORES DE WICKETERA YA QUE SALE CODIGO Y NO FUNCIONAN,"Se realiza limpieza de ventiladores de variador, debido a que tienen residuos de material.
Se resetea alarma y se deja funcionando ",SIN REFACCIONES x1,1°,Funcionando ,Solicitado @ 2026-10-02 09:16 → Asignado (OSCAR PUENTE AYALA) @ 2026-10-02 09:23 → Confirmado en sitio (OSCAR PUENTE AYALA) @ 2026-10-02 09:24 → Cerrado @ 2026-10-02 10:55 → Liberado por EFREN BUENDIA HERNANDEZ @ 2026-10-02 11:24
216,Liberado,02/10/2026,Viernes,40,Octubre,POUCH,TOTANI 1,JULIO ALBERTO GUZMAN MANUEL,09:40,Alta,ELECTRICO,CORRECTIVO,SI,DANTE GONZALEZ ALVA / MAURICIO SANTES,DANTE GONZALEZ ALVA / MAURICIO SANTES,02/10/2026,09:43,Sí,02/10/2026,11:25,02/10/2026,10:31,51,0.85,54,0.9,0,1.75,SI,02/10/2026,16:56,RODRIGO ALEJANDRO RODRIGUEZ TINAJERO,SE SUBE EL BALANCIN DE FRENO Y PARA LA MAQUINA,"Se ajusta freno, se revisa cableado y se deshabilita bloqueo ",SIN REFACCIONES x1,1°,Funcionando ,Solicitado @ 2026-10-02 09:40 → Asignado (DANTE GONZALEZ ALVA/MAURICIO SANTES) @ 2026-10-02 09:43 → Confirmado en sitio (DANTE GONZALEZ ALVA/MAURICIO SANTES) @ 2026-10-02 10:31 → Cerrado @ 2026-10-02 11:25 → Liberado por RODRIGO ALEJANDRO RODRIGUEZ TINAJERO @ 2026-10-02 16:56
217,Liberado,02/10/2026,Viernes,40,Octubre,MANTENIMIENTO,SERVICIOS,ADRIANA CRUZ GARCIA,10:06,Alta,ELECTRICO,CORRECTIVO,NO APLICA,ISRAEL NEYRA SANCHEZ / OSCAR PUENTE AYALA,ISRAEL NEYRA SANCHEZ / OSCAR PUENTE AYALA,02/10/2026,12:27,Sí,02/10/2026,13:19,02/10/2026,12:29,143,2.38,50,0.83,0,3.21,NO APLICA,02/10/2026,16:56,RODRIGO ALEJANDRO RODRIGUEZ TINAJERO,SUBESTACIÓN: RETIRAR ARTICULOS QUE NO PERTENECEN AL ÁREA Y LIMPIAR.,Cambio de lámpara ,SIN REFACCIONES x1,1°,,Solicitado @ 2026-10-02 10:06 → Asignado (ISRAEL NEYRA SANCHEZ/OSCAR PUENTE AYALA) @ 2026-10-02 12:27 → Confirmado en sitio (ISRAEL NEYRA SANCHEZ/OSCAR PUENTE AYALA) @ 2026-10-02 12:29 → Cerrado @ 2026-10-02 13:19 → Liberado por RODRIGO ALEJANDRO RODRIGUEZ TINAJERO @ 2026-10-02 16:56
218,Pendiente,02/10/2026,Viernes,40,Octubre,OFICINAS,SERVICIOS,ADRIANA CRUZ GARCIA,10:40,Alta,,CORRECTIVO,,,,,,No,,,,,,,,,0,,,,,,"BAÑO HOMBRES PRODUCCIÓN: COLOCAR PROTECCIÓN A DRENAJE ABIERTO, VÁLVULA ANTIOLOR.",,,,,Solicitado @ 2026-10-02 10:40
219,Pendiente,02/10/2026,Viernes,40,Octubre,IMPRESION,SERVICIOS,ADRIANA CRUZ GARCIA,10:42,Alta,,CORRECTIVO,,,,,,No,,,,,,,,,0,,,,,,MURO F2-2: REPARAR MURO POR DESPRENDIMIENTO DE MALLA DE TABLAROCA,,,,,Solicitado @ 2026-10-02 10:42
220,Liberado,02/10/2026,Viernes,40,Octubre,BOLSEO,MA1,EDUARDO ALEJANDRO LOREDO SALINAS,10:55,Moderada,ELECTRICO,CORRECTIVO,NO,EDUARDO LOREDO / ANTONIO ROSALES,EDUARDO LOREDO / ANTONIO ROSALES,02/10/2026,10:56,Sí,02/10/2026,20:14,02/10/2026,12:22,87,1.45,472,7.87,0,9.32,NO,02/10/2026,21:19,RODRIGO ALEJANDRO RODRIGUEZ TINAJERO,Arranque de máquina ,Puesta en marcha,SIN REFACCIONES x1,1°,,Solicitado @ 2026-10-02 10:55 → Asignado (EDUARDO LOREDO) @ 2026-10-02 10:56 → Confirmado en sitio (EDUARDO LOREDO) @ 2026-10-02 12:22 → Técnico agregado (ANTONIO ROSALES) @ 2026-10-02 12:23 → Cerrado @ 2026-10-02 20:14 → Liberado por RODRIGO ALEJANDRO RODRIGUEZ TINAJERO @ 2026-10-02 21:19
221,Liberado,02/10/2026,Viernes,40,Octubre,POUCH,TOTANI 3,JULIO ALBERTO GUZMAN MANUEL,11:03,Alta,ELECTRONICO,CORRECTIVO,SI,OSCAR PUENTE AYALA / DANTE GONZALEZ ALVA,OSCAR PUENTE AYALA / DANTE GONZALEZ ALVA,02/10/2026,11:20,Sí,02/10/2026,12:27,02/10/2026,11:27,24,0.4,60,1,0,1.4,SI,02/10/2026,16:56,RODRIGO ALEJANDRO RODRIGUEZ TINAJERO,ALARMA NO DEJA ARRANCAR MAQUINA,Se revisan alarmas de seguridad de puertas y servodrive1,SIN REFACCIONES x1,1°,Maquina funcionando ,Solicitado @ 2026-10-02 11:03 → Asignado (OSCAR PUENTE AYALA) @ 2026-10-02 11:20 → Confirmado en sitio (OSCAR PUENTE AYALA) @ 2026-10-02 11:27 → Técnico agregado (DANTE GONZALEZ ALVA) @ 2026-10-02 11:27 → Cerrado @ 2026-10-02 12:27 → Liberado por RODRIGO ALEJANDRO RODRIGUEZ TINAJERO @ 2026-10-02 16:56
222,Liberado,02/10/2026,Viernes,40,Octubre,IMPRESION,FJ-2,GUSTAVO HERRERA GUEVARA,11:37,Alta,MECANICO,CORRECTIVO,NO APLICA,IRVING ALDRIGHETTI / MAURICIO SANTES,IRVING ALDRIGHETTI / MAURICIO SANTES,02/10/2026,11:38,Sí,02/10/2026,13:18,02/10/2026,11:44,7,0.12,94,1.57,0,1.69,NO APLICA,02/10/2026,16:56,RODRIGO ALEJANDRO RODRIGUEZ TINAJERO,,Reparación de charolas ,SIN REFACCIONES x1,1°,,Solicitado @ 2026-10-02 11:37 → Asignado (IRVING ALDRIGHETTI/MAURICIO SANTES) @ 2026-10-02 11:38 → Confirmado en sitio (IRVING ALDRIGHETTI/MAURICIO SANTES) @ 2026-10-02 11:44 → Cerrado @ 2026-10-02 13:18 → Liberado por RODRIGO ALEJANDRO RODRIGUEZ TINAJERO @ 2026-10-02 16:56
223,Liberado,02/10/2026,Viernes,40,Octubre,BOLSEO,SDAI 13,GUSTAVO ADOLFO HERNANDEZ AMBRIZ,12:13,Alta,MECANICO,CORRECTIVO,SI,IRVING ALDRIGHETTI,IRVING ALDRIGHETTI,02/10/2026,13:53,Sí,02/10/2026,15:04,02/10/2026,13:56,103,1.72,68,1.13,0,2.85,NO APLICA,02/10/2026,16:56,RODRIGO ALEJANDRO RODRIGUEZ TINAJERO,BARRENOS  BARRIDOS DE  ADAPTADORES,Se rectifica cuerda de perforadores ,SIN REFACCIONES x1,1°,,Solicitado @ 2026-10-02 12:13 → Asignado (IRVING ALDRIGHETTI) @ 2026-10-02 13:53 → Confirmado en sitio (IRVING ALDRIGHETTI) @ 2026-10-02 13:56 → Cerrado @ 2026-10-02 15:04 → Liberado por RODRIGO ALEJANDRO RODRIGUEZ TINAJERO @ 2026-10-02 16:56
224,Liberado,02/10/2026,Viernes,40,Octubre,LAMINACION,LUMUS,JOSE VICTOR GUARNEROS MARTINEZ,12:30,Alta,ELECTRONICO,CORRECTIVO,SI,ISRAEL NEYRA SANCHEZ / OSCAR PUENTE AYALA,ISRAEL NEYRA SANCHEZ / OSCAR PUENTE AYALA,02/10/2026,13:51,Sí,02/10/2026,15:05,02/10/2026,13:52,82,1.37,73,1.22,0,2.59,SI,02/10/2026,16:56,RODRIGO ALEJANDRO RODRIGUEZ TINAJERO,"Falla maquina 
No arranca ",Se revisan conexiones ethernet y se limpian puertos y conectores ,SIN REFACCIONES x1,1°,Maquina funcionando ,Solicitado @ 2026-10-02 12:30 → Asignado (ISRAEL NEYRA SANCHEZ/OSCAR PUENTE AYALA) @ 2026-10-02 13:51 → Confirmado en sitio (ISRAEL NEYRA SANCHEZ/OSCAR PUENTE AYALA) @ 2026-10-02 13:52 → Cerrado @ 2026-10-02 15:05 → Liberado por RODRIGO ALEJANDRO RODRIGUEZ TINAJERO @ 2026-10-02 16:56
225,Pendiente,02/10/2026,Viernes,40,Octubre,IMPRESION,F2-1,DANIEL ROJAS GOMEZ,13:42,Alta,,CORRECTIVO,,,,,,No,,,,,,,,,0,,,,,,Pantalla de la máquina le sale una línea ,,,,,Solicitado @ 2026-10-02 13:42
226,Liberado,02/10/2026,Viernes,40,Octubre,IMPRESION,F2-2,OSCAR PUENTE AYALA,13:54,Alta,ELECTRICO,CORRECTIVO,SI,ISRAEL NEYRA SANCHEZ / OSCAR PUENTE AYALA / IRVING ALDRIGHETTI,ISRAEL NEYRA SANCHEZ / OSCAR PUENTE AYALA / IRVING ALDRIGHETTI,02/10/2026,15:06,Sí,02/10/2026,16:32,02/10/2026,15:07,73,1.22,85,1.42,0,2.64,SI,02/10/2026,16:56,RODRIGO ALEJANDRO RODRIGUEZ TINAJERO,Colocar contactos a 110 para switch ,"Se realiza instalación eléctrica a 110vca 
Para conectar un switch ethernet ",SIN REFACCIONES x1,1°,,Solicitado @ 2026-10-02 13:54 → Asignado (ISRAEL NEYRA SANCHEZ/OSCAR PUENTE AYALA/IRVING ALDRIGHETTI) @ 2026-10-02 15:06 → Confirmado en sitio (ISRAEL NEYRA SANCHEZ/OSCAR PUENTE AYALA/IRVING ALDRIGHETTI) @ 2026-10-02 15:07 → Cerrado @ 2026-10-02 16:32 → Liberado por RODRIGO ALEJANDRO RODRIGUEZ TINAJERO @ 2026-10-02 16:56
227,Liberado,02/10/2026,Viernes,40,Octubre,BOLSEO,D,GUSTAVO ADOLFO HERNANDEZ AMBRIZ,16:01,Alta,MECANICO,CORRECTIVO,SI,ROBERTO BADILLO / VICTOR ALFARO,ROBERTO BADILLO / VICTOR ALFARO,02/10/2026,16:09,Sí,02/10/2026,18:39,02/10/2026,16:10,9,0.15,149,2.48,0,2.63,SI,02/10/2026,18:40,RODRIGO ALEJANDRO RODRIGUEZ TINAJERO,FALLA EN LA CREMALLERA,Se repara cremallera principal del engrane se ajusto la tension de la banda principal y se ajustaron los carbones ,Apagador de 1 polo 1 tiro 2 Patitas x1 / SIN REFACCIONES x1,2°,,Solicitado @ 2026-10-02 16:01 → Asignado (ROBERTO BADILLO/VICTOR ALFARO) @ 2026-10-02 16:09 → Confirmado en sitio (ROBERTO BADILLO/VICTOR ALFARO) @ 2026-10-02 16:10 → Cerrado @ 2026-10-02 18:39 → Liberado por RODRIGO ALEJANDRO RODRIGUEZ TINAJERO @ 2026-10-02 18:40
228,Liberado,02/10/2026,Viernes,40,Octubre,IMPRESION,F2-2,RODRIGO ALEJANDRO RODRIGUEZ TINAJERO,16:57,Alta,ELECTRICO,CORRECTIVO,NO,ALEJANDRO RODRIGUEZ TINAJERO,ALEJANDRO RODRIGUEZ TINAJERO,02/10/2026,16:57,Sí,02/10/2026,22:08,02/10/2026,16:57,0,0,226,3.77,85,3.77,NO,02/10/2026,22:09,RODRIGO ALEJANDRO RODRIGUEZ TINAJERO,No carga Mamut,"Se repara  control de carga de bateria 
Se carga batería externamente se queda pendiente colocar batería cargada ",SIN REFACCIONES x1,2°,,Solicitado @ 2026-10-02 16:57 → Asignado (ALEJANDRO RODRIGUEZ TINAJERO) @ 2026-10-02 16:57 → Confirmado en sitio (ALEJANDRO RODRIGUEZ TINAJERO) @ 2026-10-02 16:57 → Pausado @ 2026-10-02 18:16 → Reanudado (ALEJANDRO RODRIGUEZ TINAJERO) @ 2026-10-02 19:41 → Cerrado @ 2026-10-02 22:08 → Liberado por RODRIGO ALEJANDRO RODRIGUEZ TINAJERO @ 2026-10-02 22:09
229,Liberado,02/10/2026,Viernes,40,Octubre,POUCH,TOTANI 1,DIEGO ANDRES RESENDIZ CASTILLO,17:25,Alta,ELECTRICO,CORRECTIVO,SI,ALEJANDRO RODRIGUEZ TINAJERO / VICTOR ALFARO,ALEJANDRO RODRIGUEZ TINAJERO / VICTOR ALFARO,02/10/2026,18:19,Sí,02/10/2026,19:26,02/10/2026,18:19,54,0.9,67,1.12,0,2.02,SI,02/10/2026,19:27,RODRIGO ALEJANDRO RODRIGUEZ TINAJERO,SALIO ALARMA Y NO DEJA ARRACNAR MAQUINA ,Se reviza control de arranque se repara botón switch se cambian cables dañados ,SIN REFACCIONES x1,2°,,Solicitado @ 2026-10-02 17:25 → Asignado (ALEJANDRO RODRIGUEZ TINAJERO) @ 2026-10-02 18:19 → Confirmado en sitio (ALEJANDRO RODRIGUEZ TINAJERO) @ 2026-10-02 18:19 → Técnico agregado (VICTOR ALFARO) @ 2026-10-02 18:39 → Cerrado @ 2026-10-02 19:26 → Liberado por RODRIGO ALEJANDRO RODRIGUEZ TINAJERO @ 2026-10-02 19:27
230,Pendiente,02/10/2026,Viernes,40,Octubre,ALMACEN,SERVICIOS,ADRIANA CRUZ GARCIA,18:14,Alta,,CORRECTIVO,,,,,,No,,,,,,,,,0,,,,,,"BODEGA PLANTA ALTA: COLOCAR LÍNEA DE ALIMENTACIÓN ELÉCTRICA EN ZONA DE SANEO SOFTYS, REVISAR CON LEONARDO DÁVILA",,,,,Solicitado @ 2026-10-02 18:14
231,Pendiente,02/10/2026,Viernes,40,Octubre,IMPRESION,SERVICIOS,ADRIANA CRUZ GARCIA,18:26,Moderada,,CORRECTIVO,,,,,,No,,,,,,,,,0,,,,,,MURO EXTERIOR SUBESTACIÓN: REALIZAR REPARACIÓN DE PISO Y PARED POR SERVICIO DE DESAZOLVE,,,,,Solicitado @ 2026-10-02 18:26
232,Liberado,02/10/2026,Viernes,40,Octubre,IMPRESION,SERVICIOS,RODRIGO ALEJANDRO RODRIGUEZ TINAJERO,19:40,Alta,MECANICO,CORRECTIVO,SI,VICTOR ALFARO,VICTOR ALFARO,02/10/2026,19:41,Sí,02/10/2026,21:18,02/10/2026,19:41,1,0.02,97,1.62,0,1.64,SI,02/10/2026,21:19,RODRIGO ALEJANDRO RODRIGUEZ TINAJERO,Se mueve registro grupo 8,Se lubrica. Con grasa al módulo del. pC para evitar su deslizamiento ,SIN REFACCIONES x1,2°,,Solicitado @ 2026-10-02 19:40 → Asignado (VICTOR ALFARO) @ 2026-10-02 19:41 → Confirmado en sitio (VICTOR ALFARO) @ 2026-10-02 19:41 → Cerrado @ 2026-10-02 21:18 → Liberado por RODRIGO ALEJANDRO RODRIGUEZ TINAJERO @ 2026-10-02 21:19
233,Liberado,02/10/2026,Viernes,40,Octubre,IMPRESION,F4-3,MIGUEL ANGEL GRANADOS TREJO,21:15,Alta,ELECTRICO,CORRECTIVO,SI,VICTOR ALFARO,VICTOR ALFARO,02/10/2026,21:20,Sí,02/10/2026,22:06,02/10/2026,21:30,15,0.25,36,0.6,0,0.85,SI,02/10/2026,22:09,RODRIGO ALEJANDRO RODRIGUEZ TINAJERO,Alarma de máquina ,Se hace limpieza de conectores de cables ethernet y conectores de Variadores.,SIN REFACCIONES x1,2°,,Solicitado @ 2026-10-02 21:15 → Asignado (VICTOR ALFARO) @ 2026-10-02 21:20 → Confirmado en sitio (VICTOR ALFARO) @ 2026-10-02 21:30 → Cerrado @ 2026-10-02 22:06 → Liberado por RODRIGO ALEJANDRO RODRIGUEZ TINAJERO @ 2026-10-02 22:09
234,Liberado,02/10/2026,Viernes,40,Octubre,POUCH,TOTANI 1,AHAU QUITZE CASTILLO LOZANO,22:31,Alta,ELECTRICO,CORRECTIVO,SI,MIGUEL XOLALPA / FAUSTINO SOLIS,MIGUEL XOLALPA,02/10/2026,22:44,Sí,03/10/2026,02:16,02/10/2026,22:52,21,0.35,204,3.4,0,3.75,NO APLICA,03/10/2026,04:22,MIGUEL ANGEL XOLALPA MANCERA,MAQUINA NO ARRANCA ,"Se revisa alarma de servomotor 3 
Se revisa sistema mecánico, eléctrico y condicionantes de maquina ",SIN REFACCIONES x1,3°,,Solicitado @ 2026-10-02 22:31 → Asignado (MIGUEL XOLALPA) @ 2026-10-02 22:44 → Confirmado en sitio (MIGUEL XOLALPA) @ 2026-10-02 22:52 → Técnico agregado (FAUSTINO SOLIS) @ 2026-10-02 23:27 → Se retiró (MIGUEL XOLALPA) @ 2026-10-03 00:18 → Técnico agregado (MIGUEL XOLALPA) @ 2026-10-03 00:50 → Se retiró (FAUSTINO SOLIS) @ 2026-10-03 01:07 → Cerrado @ 2026-10-03 02:16 → Liberado por MIGUEL ANGEL XOLALPA MANCERA @ 2026-10-03 04:22
235,Liberado,02/10/2026,Viernes,40,Octubre,IMPRESION,F4-3,JUAN JOSE GONZALEZ LARA,23:50,Alta,ELECTRICO,CORRECTIVO,SI,MIGUEL XOLALPA,MIGUEL XOLALPA,03/10/2026,00:18,Sí,03/10/2026,00:48,03/10/2026,00:32,42,0.7,16,0.27,0,0.97,NO,03/10/2026,08:03,EFREN BUENDIA HERNANDEZ,Avt alrmada,Se revisa falla en video de avt ,SIN REFACCIONES x1,3°,,Solicitado @ 2026-10-02 23:50 → Asignado (MIGUEL XOLALPA) @ 2026-10-03 00:18 → Confirmado en sitio (MIGUEL XOLALPA) @ 2026-10-03 00:32 → Cerrado @ 2026-10-03 00:48 → Liberado por EFREN BUENDIA HERNANDEZ @ 2026-10-03 08:03
236,Liberado,03/10/2026,Sábado,40,Octubre,BOLSEO,SDAI 10,JULIANA GLORIA NICOLAS CRUZ,00:47,Moderada,MECANICO,CORRECTIVO,SI,FAUSTINO SOLIS,FAUSTINO SOLIS,03/10/2026,01:08,Sí,03/10/2026,02:17,03/10/2026,00:59,12,0.2,78,1.3,0,1.5,NO APLICA,03/10/2026,08:03,EFREN BUENDIA HERNANDEZ,se  modificara  banco de perforadores ,Se modifica banco de perforadores a petición de operador y supervisor ,SIN REFACCIONES x1,3°,,Solicitado @ 2026-10-03 00:47 → Asignado (FAUSTINO SOLIS) @ 2026-10-03 01:08 → Confirmado en sitio (FAUSTINO SOLIS) @ 2026-10-03 00:59 → Cerrado @ 2026-10-03 02:17 → Liberado por EFREN BUENDIA HERNANDEZ @ 2026-10-03 08:03
237,Liberado,03/10/2026,Sábado,40,Octubre,MANTENIMIENTO,SERVICIOS,ALEXANDRA GARCIA PEÑA,01:58,Alta,NO APLICA,CORRECTIVO,NO APLICA,MARTIN ALVAREZ,MARTIN ALVAREZ,03/10/2026,08:57,Sí,03/10/2026,09:01,03/10/2026,08:59,421,7.02,2,0.03,0,7.05,NO APLICA,03/10/2026,17:26,EFREN BUENDIA HERNANDEZ,Cortina dañanada en bodega de Agustín Delgado ,Cortina Fernando de alba ,SIN REFACCIONES x2,3°,,Solicitado @ 2026-10-03 01:58 → Asignado (MARTIN ALVAREZ) @ 2026-10-03 08:57 → Confirmado en sitio (MARTIN ALVAREZ) @ 2026-10-03 08:59 → Cerrado @ 2026-10-03 09:01 → Liberado por EFREN BUENDIA HERNANDEZ @ 2026-10-03 17:26
238,Liberado,03/10/2026,Sábado,40,Octubre,POUCH,TOTANI 7,VICENTE DE LA CRUZ TREJO,02:05,Alta,NEUMATICO,CORRECTIVO,SI,MIGUEL XOLALPA / FAUSTINO SOLIS,FAUSTINO SOLIS / MIGUEL XOLALPA,03/10/2026,02:17,Sí,03/10/2026,04:40,03/10/2026,02:18,13,0.22,137,2.28,5,2.5,SI,03/10/2026,08:03,EFREN BUENDIA HERNANDEZ,"FALLA DE BOTONES DE CIERRE DE AIRE DE SELLOS ,K, Y PLACAS DE ZIPPER NO CIERRAN. OCASIONA MOVIMIENTO .",,SIN REFACCIONES x1,3°,Se utilizan 2 elv 18 de refacciones ,Solicitado @ 2026-10-03 02:05 → Asignado (MIGUEL XOLALPA/FAUSTINO SOLIS) @ 2026-10-03 02:17 → Confirmado en sitio (MIGUEL XOLALPA/FAUSTINO SOLIS) @ 2026-10-03 02:18 → Se retiró (MIGUEL XOLALPA) @ 2026-10-03 03:27 → Se retiró (servicio pausado) (FAUSTINO SOLIS) @ 2026-10-03 03:27 → Reanudado (FAUSTINO SOLIS) @ 2026-10-03 03:32 → Técnico agregado (MIGUEL XOLALPA) @ 2026-10-03 03:56 → Cerrado @ 2026-10-03 04:40 → Liberado por EFREN BUENDIA HERNANDEZ @ 2026-10-03 08:03
239,Liberado,03/10/2026,Sábado,40,Octubre,IMPRESION,F4-1,JUAN JOSE GONZALEZ LARA,03:00,Alta,ELECTRICO,CORRECTIVO,SI,MIGUEL XOLALPA,MIGUEL XOLALPA,03/10/2026,03:27,Sí,03/10/2026,03:55,03/10/2026,03:28,28,0.47,27,0.45,0,0.92,NO,03/10/2026,04:22,MIGUEL ANGEL XOLALPA MANCERA,Alarma tintero 8,"Se revisa alarma en a
AX 8 ",SIN REFACCIONES x1,3°,,Solicitado @ 2026-10-03 03:00 → Asignado (MIGUEL XOLALPA) @ 2026-10-03 03:27 → Confirmado en sitio (MIGUEL XOLALPA) @ 2026-10-03 03:28 → Cerrado @ 2026-10-03 03:55 → Liberado por MIGUEL ANGEL XOLALPA MANCERA @ 2026-10-03 04:22
240,Liberado,03/10/2026,Sábado,40,Octubre,POUCH,TOTANI 1,VICENTE DE LA CRUZ TREJO,04:18,Alta,ELECTRICO,CORRECTIVO,SI,MIGUEL XOLALPA / FAUSTINO SOLIS,MIGUEL XOLALPA / FAUSTINO SOLIS,03/10/2026,04:52,Sí,03/10/2026,06:44,03/10/2026,04:53,35,0.58,111,1.85,0,2.43,SI,03/10/2026,08:03,EFREN BUENDIA HERNANDEZ,CORTO EN RESISTENCIA DE SELLO K,Se reemplazan resistencias de zona 13 ,Resistencia 200V 2000W x1,3°,,Solicitado @ 2026-10-03 04:18 → Asignado (MIGUEL XOLALPA/FAUSTINO SOLIS) @ 2026-10-03 04:52 → Confirmado en sitio (MIGUEL XOLALPA/FAUSTINO SOLIS) @ 2026-10-03 04:53 → Cerrado @ 2026-10-03 06:44 → Liberado por EFREN BUENDIA HERNANDEZ @ 2026-10-03 08:03
241,Liberado,03/10/2026,Sábado,40,Octubre,POUCH,TOTANI 7,JULIO ALBERTO GUZMAN MANUEL,09:08,Alta,MECANICO,CORRECTIVO,SI,ISRAEL NEYRA SANCHEZ / IRVING ALDRIGHETTI,ISRAEL NEYRA SANCHEZ / IRVING ALDRIGHETTI,03/10/2026,09:15,Sí,03/10/2026,11:47,03/10/2026,09:16,8,0.13,151,2.52,0,2.65,SI,03/10/2026,17:26,EFREN BUENDIA HERNANDEZ,SE ROMPIO TORNILLO DE CUCHILLA EL QUE SE ROMPE DIARIO,"Se retira tornillo degollado, se rectifica cuerda de pieza y se vuelve a colocar ",SIN REFACCIONES x1,1°,,Solicitado @ 2026-10-03 09:08 → Asignado (ISRAEL NEYRA SANCHEZ/IRVING ALDRIGHETTI) @ 2026-10-03 09:15 → Confirmado en sitio (ISRAEL NEYRA SANCHEZ/IRVING ALDRIGHETTI) @ 2026-10-03 09:16 → Cerrado @ 2026-10-03 11:47 → Liberado por EFREN BUENDIA HERNANDEZ @ 2026-10-03 17:26
242,Pendiente,03/10/2026,Sábado,40,Octubre,IMPRESION,F4-3,Jose Guerrero,10:51,Alta,,CORRECTIVO,,,,,,No,,,,,,,,,0,,,,,,Se alarma. El tintero 1 y 2,,,,,Solicitado @ 2026-10-03 10:51 → Asignado (DANTE GONZALEZ ALVA) @ 2026-10-03 14:58 → Asignación cancelada @ 2026-10-03 15:08 → Asignado (ALEJANDRO RODRIGUEZ TINAJERO/VICTOR ALFARO) @ 2026-10-03 15:08 → Asignación cancelada @ 2026-10-03 17:35
243,Liberado,03/10/2026,Sábado,40,Octubre,BOLSEO,SDAI 13,IRVING GAEL MORALES MONTES,12:43,Alta,MECANICO,CORRECTIVO,SI,ISRAEL NEYRA SANCHEZ / IRVING ALDRIGHETTI,ISRAEL NEYRA SANCHEZ / IRVING ALDRIGHETTI,03/10/2026,13:24,Sí,03/10/2026,22:19,03/10/2026,13:24,41,0.68,535,8.92,0,9.6,SI,03/10/2026,22:21,RODRIGO ALEJANDRO RODRIGUEZ TINAJERO,NO GIRAN LOS RODILLOS DE LAS RUEDAS ,Se reparan rodillos,SIN REFACCIONES x1,1°,,Solicitado @ 2026-10-03 12:43 → Asignado (ISRAEL NEYRA SANCHEZ/IRVING ALDRIGHETTI) @ 2026-10-03 13:24 → Confirmado en sitio (ISRAEL NEYRA SANCHEZ/IRVING ALDRIGHETTI) @ 2026-10-03 13:24 → Cerrado @ 2026-10-03 22:19 → Liberado por RODRIGO ALEJANDRO RODRIGUEZ TINAJERO @ 2026-10-03 22:21
244,Liberado,03/10/2026,Sábado,40,Octubre,IMPRESION,F2-2,Jose Rodriguez,17:23,Alta,MECANICO,CORRECTIVO,NO,ROBERTO BADILLO,ROBERTO BADILLO,03/10/2026,17:35,Sí,03/10/2026,22:18,03/10/2026,18:09,46,0.77,249,4.15,0,4.92,NO,03/10/2026,22:21,RODRIGO ALEJANDRO RODRIGUEZ TINAJERO,Mamut sin pila no la tiene,Se repara cargador se cambian cables y se cambia batería ,SIN REFACCIONES x1,2°,,Solicitado @ 2026-10-03 17:23 → Asignado (ROBERTO BADILLO) @ 2026-10-03 17:35 → Confirmado en sitio (ROBERTO BADILLO) @ 2026-10-03 18:09 → Cerrado @ 2026-10-03 22:18 → Liberado por RODRIGO ALEJANDRO RODRIGUEZ TINAJERO @ 2026-10-03 22:21
245,Liberado,03/10/2026,Sábado,40,Octubre,IMPRESION,F4-2,REYNALDO LEAL SANCHEZ,17:25,Alta,ELECTRICO,CORRECTIVO,SI,ALEJANDRO RODRIGUEZ TINAJERO / VICTOR ALFARO,VICTOR ALFARO,03/10/2026,17:36,Sí,03/10/2026,22:21,03/10/2026,17:37,12,0.2,284,4.73,0,4.93,NO,03/10/2026,22:21,RODRIGO ALEJANDRO RODRIGUEZ TINAJERO,Faya en el Enbobinador ,Se hace limpieza de conectores de ethernet y conectores de variadores y limpieza de ventiladores ,SIN REFACCIONES x1,2°,,Solicitado @ 2026-10-03 17:25 → Asignado (ALEJANDRO RODRIGUEZ TINAJERO/VICTOR ALFARO) @ 2026-10-03 17:36 → Confirmado en sitio (ALEJANDRO RODRIGUEZ TINAJERO/VICTOR ALFARO) @ 2026-10-03 17:37 → Se retiró (ALEJANDRO RODRIGUEZ TINAJERO) @ 2026-10-03 18:18 → Cerrado @ 2026-10-03 22:21 → Liberado por RODRIGO ALEJANDRO RODRIGUEZ TINAJERO @ 2026-10-03 22:21
246,Liberado,03/10/2026,Sábado,40,Octubre,IMPRESION,F4-1,REYNALDO LEAL SANCHEZ,18:13,Alta,MECANICO,CORRECTIVO,SI,ALEJANDRO RODRIGUEZ TINAJERO,ALEJANDRO RODRIGUEZ TINAJERO,03/10/2026,18:18,Sí,04/10/2026,04:23,03/10/2026,18:18,5,0.08,605,10.08,0,10.16,SI,04/10/2026,04:23,RODRIGO ALEJANDRO RODRIGUEZ TINAJERO,Se mueve el registro de la Unidad 1 ,Se baja rodillo pisador de tambor el.cual.se encuentra la espiga del.balero.dañada se mandara a reparar ,SIN REFACCIONES x1,2°,,Solicitado @ 2026-10-03 18:13 → Asignado (ALEJANDRO RODRIGUEZ TINAJERO) @ 2026-10-03 18:18 → Confirmado en sitio (ALEJANDRO RODRIGUEZ TINAJERO) @ 2026-10-03 18:18 → Cerrado @ 2026-10-04 04:23 → Liberado por RODRIGO ALEJANDRO RODRIGUEZ TINAJERO @ 2026-10-04 04:23
247,Pendiente,03/10/2026,Sábado,40,Octubre,IMPRESION,F2-3,MIGUEL ANGEL GRANADOS TREJO,23:24,Alta,,CORRECTIVO,,,,,,No,,,,,,,,,0,,,,,,Se está trabando el embobinador al cambiar de rollo,,,,,Solicitado @ 2026-10-03 23:24
248,Liberado,04/10/2026,Domingo,40,Octubre,IMPRESION,F2-2,DANIEL ROJAS GOMEZ,19:45,Alta,ELECTRICO,CORRECTIVO,NO APLICA,ISRAEL NEYRA SANCHEZ / OSCAR PUENTE AYALA,ISRAEL NEYRA SANCHEZ / OSCAR PUENTE AYALA,04/10/2026,21:50,Sí,05/10/2026,06:58,04/10/2026,21:51,126,2.1,547,9.12,0,11.22,NO APLICA,05/10/2026,07:29,EFREN BUENDIA HERNANDEZ,Mamut de la máquina no está reteniendo la carga ,Se remplaza batería y de deja cargando la batería retirada en taller ,SIN REFACCIONES x1,1°,,Solicitado @ 2026-10-04 19:45 → Asignado (ISRAEL NEYRA SANCHEZ/OSCAR PUENTE AYALA) @ 2026-10-04 21:50 → Confirmado en sitio (ISRAEL NEYRA SANCHEZ/OSCAR PUENTE AYALA) @ 2026-10-04 21:51 → Cerrado @ 2026-10-05 06:58 → Liberado por EFREN BUENDIA HERNANDEZ @ 2026-10-05 07:29
